CREATE TABLE admins
(
  id INTEGER PRIMARY KEY NOT NULL,
  login VARCHAR(255) NOT NULL,
  pass VARCHAR(255) NOT NULL,
  full_name VARCHAR(150),
  active SMALLINT
);

CREATE TABLE bonus_declines
(
  id BIGINT PRIMARY KEY NOT NULL,
  user_id BIGINT NOT NULL,
  date_time BIGINT NOT NULL,
  bonus_sum NUMERIC(14,4) NOT NULL,
  bonus_fact NUMERIC(14,4),
  coeff NUMERIC(20,8)
);

CREATE TABLE no_deposit_bonus
(
  id BIGINT PRIMARY KEY NOT NULL,
  user_id INTEGER NOT NULL,
  amount NUMERIC(10,2),
  date_time TIMESTAMP DEFAULT now() NOT NULL,
  bonus_type SMALLINT DEFAULT 0,
  notified SMALLINT DEFAULT 0 NOT NULL,
  ref_user_id INTEGER
);

CREATE TABLE offline_pay_accounts (
  id INTEGER PRIMARY KEY NOT NULL,
  full_name CHARACTER VARYING(25) NOT NULL,
  kbank CHARACTER VARYING(15) NOT NULL,
  scb CHARACTER VARYING(15) NOT NULL,
  bbl CHARACTER VARYING(15) NOT NULL,
  login_kbank CHARACTER VARYING(100) NOT NULL,
  password_kbank CHARACTER VARYING(100),
  login_scb CHARACTER VARYING(100) NOT NULL,
  password_scb CHARACTER VARYING(100),
  login_bbl CHARACTER VARYING(100) NOT NULL,
  password_bbl CHARACTER VARYING(100),
  active SMALLINT NOT NULL DEFAULT 1
);

CREATE TABLE operations
(
  id INTEGER PRIMARY KEY NOT NULL,
  user_id BIGINT NOT NULL,
  account_id INTEGER,
  stock VARCHAR(50) NOT NULL,
  open_time BIGINT NOT NULL,
  close_time BIGINT,
  open_value NUMERIC(14,8) NOT NULL,
  op_interval BIGINT NOT NULL,
  op_type INTEGER NOT NULL,
  diff NUMERIC(14,8) DEFAULT 0.00000000 NOT NULL,
  amount NUMERIC(14,4) NOT NULL,
  profit NUMERIC(14,4) DEFAULT 0.0000 NOT NULL,
  real INTEGER,
  balance NUMERIC(20,8),
  profit_percent BIGINT,
  source VARCHAR(12),
  time_lag NUMERIC(6,2),
  balance_close NUMERIC(20,8),
  close_microtime NUMERIC(20,8),
  amount_real NUMERIC(14,4)
);

CREATE TABLE operations_archive (
  id INTEGER NOT NULL,
  user_id BIGINT NOT NULL,
  account_id INTEGER,
  stock CHARACTER VARYING(50) NOT NULL,
  open_time BIGINT NOT NULL,
  close_time BIGINT,
  open_value NUMERIC(14,8) NOT NULL,
  op_interval BIGINT NOT NULL,
  op_type INTEGER NOT NULL,
  diff NUMERIC(14,8) NOT NULL DEFAULT 0.00000000,
  amount NUMERIC(14,4) NOT NULL,
  profit NUMERIC(14,4) NOT NULL DEFAULT 0.0000,
  real INTEGER,
  balance NUMERIC(20,8),
  profit_percent BIGINT,
  source CHARACTER VARYING(12),
  time_lag NUMERIC(6,2),
  balance_close NUMERIC(20,8),
  close_microtime NUMERIC(20,8),
  amount_real NUMERIC(14,4) DEFAULT NULL::numeric
);

CREATE TABLE tournament_operations (
  id INTEGER PRIMARY KEY NOT NULL,
  account_id INTEGER NOT NULL,
  user_id INTEGER,
  stock CHARACTER VARYING(100),
  open_time INTEGER NOT NULL,
  close_time INTEGER,
  open_value NUMERIC(14,8) NOT NULL,
  op_interval SMALLINT NOT NULL,
  op_type SMALLINT NOT NULL,
  diff NUMERIC(14,8),
  amount NUMERIC(14,4) NOT NULL,
  profit NUMERIC(14,4),
  profit_percent INTEGER NOT NULL,
  source CHARACTER VARYING(20)
--   FOREIGN KEY (user_id) REFERENCES public.users (id)
--   MATCH SIMPLE ON UPDATE NO ACTION ON DELETE NO ACTION,
--   FOREIGN KEY (account_id) REFERENCES public.tournament_accounts (id)
--   MATCH SIMPLE ON UPDATE NO ACTION ON DELETE CASCADE
);

CREATE TABLE public.tournament_account_log (
  id BIGINT PRIMARY KEY NOT NULL,
  account_id BIGINT,
  date_time TIMESTAMP WITHOUT TIME ZONE NOT NULL DEFAULT now(),
  balance NUMERIC(20,4) NOT NULL,
  source CHARACTER VARYING(50),
  source_id BIGINT,
  ref_url TEXT,
  user_id BIGINT,
  tournament_id BIGINT
);

CREATE TABLE public.tournament_accounts (
  id INTEGER PRIMARY KEY NOT NULL,
  tournament_id INTEGER NOT NULL,
  user_id INTEGER,
  funds_available NUMERIC(20,4) NOT NULL,
  op_count INTEGER,
  cnt_profit INTEGER,
  cnt_loss INTEGER,
  cnt_return INTEGER
--   FOREIGN KEY (tournament_id) REFERENCES public.tournaments (id)
--   MATCH SIMPLE ON UPDATE NO ACTION ON DELETE NO ACTION,
--   FOREIGN KEY (user_id) REFERENCES public.users (id)
--   MATCH SIMPLE ON UPDATE NO ACTION ON DELETE NO ACTION
);

CREATE TABLE tournaments (
  id INTEGER PRIMARY KEY NOT NULL,
  title TEXT NOT NULL,
  type CHARACTER VARYING(5) NOT NULL,
  participation_price NUMERIC(10,2),
  account_money NUMERIC(10,2) NOT NULL,
  refill INTEGER,
  prize_ours NUMERIC(10,2) NOT NULL,
  prize_users NUMERIC(10,2) NOT NULL,
  start_date TIMESTAMP WITHOUT TIME ZONE NOT NULL,
  finish_date TIMESTAMP WITHOUT TIME ZONE NOT NULL,
  active SMALLINT NOT NULL DEFAULT 0,
  publish_time INTEGER,
  description TEXT,
  state SMALLINT NOT NULL DEFAULT 0,
  page_img CHARACTER VARYING(256) DEFAULT NULL,
  bar_img CHARACTER VARYING(256) DEFAULT NULL,
  refill_limit INTEGER,
  manual SMALLINT NOT NULL DEFAULT 1,
  tournament_sequence_number BIGINT,
  admin_id BIGINT
);

CREATE TABLE operations_total
(
  id INTEGER PRIMARY KEY NOT NULL,
  user_id BIGINT NOT NULL,
  stock VARCHAR(50) NOT NULL,
  source VARCHAR(12),
  real SMALLINT NOT NULL,
  op_type SMALLINT NOT NULL,
  bet_num BIGINT NOT NULL,
  bet_win BIGINT NOT NULL,
  bet_loss BIGINT NOT NULL,
  bet_money NUMERIC(14,4) NOT NULL,
  bet_profit NUMERIC(14,4) NOT NULL,
  date DATE NOT NULL
);

CREATE TABLE payment_status_changes
(
  id INTEGER PRIMARY KEY NOT NULL,
  payment_id INTEGER NOT NULL,
  admin_id INTEGER NOT NULL,
  status SMALLINT NOT NULL,
  old_status SMALLINT,
  date_time INTEGER NOT NULL
);

CREATE TABLE payment_changes
(
    id INTEGER PRIMARY KEY NOT NULL,
    payment_id INTEGER NOT NULL,
    admin_id INTEGER,
    date_time TIMESTAMP DEFAULT now() NOT NULL,
    change_type VARCHAR(15) NOT NULL,
    change_from VARCHAR(100),
    change_to VARCHAR(100),
    billing_status VARCHAR(50) DEFAULT NULL::character varying,
    user_id INTEGER
);

CREATE TABLE payments
(
  id BIGINT PRIMARY KEY NOT NULL,
  txn_id VARCHAR(30),
  user_id BIGINT NOT NULL,
  date_time BIGINT NOT NULL,
  billing VARCHAR(50) NOT NULL,
  payment_type VARCHAR(100),
  status SMALLINT NOT NULL,
  currency VARCHAR(3) NOT NULL,
  amount NUMERIC(10,2) NOT NULL,
  amount_usd NUMERIC(10,2),
  first_name VARCHAR(100),
  last_name VARCHAR(100),
  pp_number VARCHAR(100),
  email VARCHAR(100),
  phone VARCHAR(25),
  country VARCHAR(50),
  address VARCHAR(255),
  promo_code_id BIGINT,
  bonus_amount NUMERIC(10,2),
  no_bonus SMALLINT DEFAULT 0 NOT NULL,
  message TEXT,
  invoice_photo VARCHAR(255),
  payment_comment TEXT,
  paid_date INTEGER,
  bank_code VARCHAR(25),
  invoice_hash VARCHAR(32),
  is_first SMALLINT DEFAULT 0 NOT NULL,
  src_layout VARCHAR(20),
  platform VARCHAR(255),
  gtm_notified SMALLINT,
  id_test BIGINT,
  deposit_time BIGINT,
  offline_pay_acc_id INTEGER,
  decline_reason VARCHAR(100),
  card_number CHARACTER VARYING(50)
);

CREATE TABLE public.promo_codes (
  id INTEGER PRIMARY KEY NOT NULL,
  code CHARACTER VARYING(100) NOT NULL,
  use_limit INTEGER,
  date_expires BIGINT,
  currency  VARCHAR(3) NOT NULL,
  description TEXT,
  availability VARCHAR(10),
  real_money SMALLINT,
  type_of_bonus VARCHAR(10)
);

CREATE TABLE sms_bonus
(
  id INTEGER PRIMARY KEY NOT NULL,
  date_time TIMESTAMP DEFAULT now() NOT NULL,
  user_id INTEGER NOT NULL,
  last_click TIMESTAMP,
  click_count INTEGER,
  bonus_amount NUMERIC(10,2),
  deposited INTEGER DEFAULT 0,
  notified INTEGER DEFAULT 0 NOT NULL
);

CREATE TABLE user_accounts
(
  id BIGINT PRIMARY KEY NOT NULL,
  user_id BIGINT NOT NULL,
  funds_available NUMERIC(20,4) NOT NULL,
  currency VARCHAR(3) NOT NULL,
  real SMALLINT DEFAULT 0,
  op_count INTEGER,
  cnt_profit INTEGER,
  cnt_loss INTEGER,
  cnt_return INTEGER,
  sum_profit NUMERIC(20,4),
  sum_loss NUMERIC(20,4),
  saldo NUMERIC(20,4)
);

CREATE TABLE user_account_log (
  id BIGINT PRIMARY KEY NOT NULL,
  account_id BIGINT NOT NULL,
  date_time TIMESTAMP WITHOUT TIME ZONE NOT NULL DEFAULT now(),
  balance NUMERIC(20,4) NOT NULL,
  source CHARACTER VARYING(50),
  source_id BIGINT,
  ref_url TEXT
);

CREATE TABLE user_bank_books
(
  id INTEGER PRIMARY KEY NOT NULL,
  user_id INTEGER NOT NULL,
  bank_id INTEGER NOT NULL,
  full_name VARCHAR(350) NOT NULL,
  book_path VARCHAR(500) NOT NULL,
  acc_number VARCHAR(100) NOT NULL,
  comment TEXT,
  date_time INTEGER NOT NULL,
  status VARCHAR(20) NOT NULL
);

CREATE TABLE user_bank_books_log (
  id serial NOT NULL,
  row_id INTEGER NOT NULL,
  user_id INTEGER NOT NULL,
  bank_id INTEGER NOT NULL,
  full_name CHARACTER VARYING(350) NOT NULL,
  book_path CHARACTER VARYING(500) NOT NULL,
  acc_number CHARACTER VARYING(100) NOT NULL,
  comment TEXT,
  admin_id INTEGER,
  date_time INTEGER NOT NULL,
  status CHARACTER VARYING(10) NOT NULL
);

CREATE TABLE user_bonus_stats
(
  id INTEGER PRIMARY KEY NOT NULL,
  user_id INTEGER NOT NULL,
  coeff NUMERIC(20,8) NOT NULL,
  turnover NUMERIC(10,2) NOT NULL,
  bonus_sum NUMERIC(10,2) NOT NULL,
  notify SMALLINT DEFAULT 0 NOT NULL
);


CREATE TABLE user_status_changes
(
  id INTEGER PRIMARY KEY NOT NULL,
  user_id INTEGER NOT NULL,
  admin_id INTEGER,
  status SMALLINT,
  date_time BIGINT NOT NULL,
  comment TEXT,
  active SMALLINT,
  skipped INTEGER
);


CREATE TABLE users
(
  id BIGINT PRIMARY KEY NOT NULL,
  user_key VARCHAR(100) NOT NULL,
  active SMALLINT DEFAULT 1 NOT NULL,
  reg_date INTEGER,
  full_name VARCHAR(100),
  first_name VARCHAR(100),
  last_name VARCHAR(100),
  email VARCHAR(100),
  password VARCHAR(100),
  funds_available NUMERIC(20,4),
  currency VARCHAR(255) NOT NULL,
  locale VARCHAR(2),
  last_seen BIGINT,
  birth_date VARCHAR(10),
  pp_series VARCHAR(25),
  pp_number VARCHAR(100),
  pp_date VARCHAR(10),
  pp_issuer VARCHAR(255),
  reg_address VARCHAR(500),
  live_address VARCHAR(500),
  scan_path VARCHAR(255),
  scan_path2 VARCHAR(255),
  phone VARCHAR(50),
  wallet VARCHAR(100),
  email_confirmed INTEGER,
  email_confirm_code VARCHAR(10),
  pp_uploaded SMALLINT,
  pp_confirmed INTEGER,
  phone_confirmed INTEGER,
  phone_confirm_code VARCHAR(10),
  phone_uni VARCHAR(30),
  fb_id VARCHAR(50),
  gg_id VARCHAR(50),
  real SMALLINT DEFAULT 0 NOT NULL,
  daily_mail SMALLINT DEFAULT 1 NOT NULL,
  comment VARCHAR(2000),
  status SMALLINT DEFAULT 0 NOT NULL,
  verify_denial_msg TEXT,
  origin VARCHAR(100),
  ref_type VARCHAR(100),
  ref_id VARCHAR(100),
  ref_user_id INTEGER,
  traffic_source VARCHAR(50),
  reg_device VARCHAR(12),
  reg_ip VARCHAR(15),
  profit_percent INTEGER,
  mail_number INTEGER,
  blocked_till BIGINT,
  pp_exp_date VARCHAR(10),
  suspicious SMALLINT,
  full_name_pp VARCHAR(255),
  sent_to_approve INTEGER,
  formula_percent INTEGER,
  approve_date INTEGER,
  deb_bonus NUMERIC(10,2) DEFAULT 0.00 NOT NULL,
  reg_scenario VARCHAR(255),
  sex SMALLINT,
  signal_mail SMALLINT DEFAULT 1 NOT NULL,
  fillup_layout VARCHAR(20),
  sub0 VARCHAR(100),
  sub1 VARCHAR(100),
  sub2 VARCHAR(100),
  sub3 VARCHAR(100),
  sub4 VARCHAR(100),
  sub5 VARCHAR(100),
  sub6 VARCHAR(100),
  verify_notify_cnt INTEGER DEFAULT 0 NOT NULL,
  verify_denial_id SMALLINT,
  mail_sent_date BIGINT,
  welcome_sent SMALLINT DEFAULT 0 NOT NULL,
  bid_limit INTEGER,
  offline_pay_account_id INTEGER,
  session_count INTEGER DEFAULT 0 NOT NULL,
  assigned_admin INTEGER,
  card_id INTEGER,
  skipped SMALLINT,
  processing_card BOOLEAN DEFAULT false,
  atm_pay_account_id INTEGER,
  citizenship CHARACTER VARYING(5),
   reset_password INTEGER NOT NULL DEFAULT 0,
  mailganer_verified SMALLINT,
  sub7 CHARACTER VARYING(255),
  sub8 CHARACTER VARYING(255),
  sub9 CHARACTER VARYING(255),
  pp_type CHARACTER VARYING(25),
  callcenter_status SMALLINT NOT NULL DEFAULT 0
);

CREATE TABLE public.user_info (
  id INTEGER PRIMARY KEY,
  user_id INTEGER NOT NULL,
  affise_14 SMALLINT NOT NULL DEFAULT 0,
  bonus_info_push_sent SMALLINT DEFAULT 0,
  app_installation_push_sent SMALLINT DEFAULT 0,
  descriminant NUMERIC(16,8)
);

CREATE TABLE withdraw
(
  id BIGINT PRIMARY KEY NOT NULL,
  date_time BIGINT NOT NULL,
  user_id BIGINT NOT NULL,
  pay_system VARCHAR(100) NOT NULL,
  amount NUMERIC(10,4) NOT NULL,
  amount_usd NUMERIC(10,4),
  wallet VARCHAR(50) NOT NULL,
  status INTEGER NOT NULL,
  comment TEXT,
  card_exp_date VARCHAR(7),
  card_owner_name VARCHAR(100),
  benificiary_name_eng VARCHAR(100),
  benificiary_name_thai VARCHAR(100),
  beneficiary_address VARCHAR(100),
  bank_name VARCHAR(100),
  admin_comment TEXT,
  approve_date INTEGER,
  platform VARCHAR(255),
  decline_reason TEXT,
  decline_date INTEGER,
  sender_name VARCHAR(255),
  bank_book_id INTEGER,
  autopay_time BIGINT, -- Время, когда заявке был установлен статус на автовыплату
  autopay_sent_time BIGINT -- Время, когда заявка была отправлена на автовыплату
);



-- referrals notice: 314017 is master for 321746
INSERT INTO users (id, user_key, active, reg_date, full_name, first_name, last_name, email, password, funds_available, currency, locale, last_seen, birth_date, pp_series, pp_number, pp_date, pp_issuer, reg_address, live_address, scan_path, scan_path2, phone, wallet, email_confirmed, email_confirm_code, pp_uploaded, pp_confirmed, phone_confirmed, phone_confirm_code, phone_uni, fb_id, gg_id, real, daily_mail, comment, status, verify_denial_msg, origin, ref_type, ref_id, ref_user_id, traffic_source, reg_device, reg_ip, profit_percent, mail_number, blocked_till, pp_exp_date, suspicious, full_name_pp, sent_to_approve, formula_percent, approve_date, deb_bonus, reg_scenario, sex, signal_mail, fillup_layout, sub0, sub1, sub2, sub3, sub4, sub5, sub6, verify_notify_cnt, verify_denial_id, mail_sent_date, welcome_sent, bid_limit, offline_pay_account_id, session_count, assigned_admin, card_id, skipped, processing_card) VALUES (15319, '57eabb62003f64.87003697', 1, 1475001186, null, 'Chird', 'Watchcharamanothum', 'spiritedgu@gmail.com', 'c44848a4078195ed31099c77864f3a33', 33.0000, 'THB', 'th', 1477265991, '21/06/1988', null, '1101401340480', '24/06/2014', 'นายศิริพงษ์ ห่านตระกูล', '79/83 แขวงดินแดง เขตดินแดง ถนนรัชดา กรุงเทพ 10400', '38 ซอยประชาสงค์เคราะห์29 แขวงดินแดง เขตดินแดง ถนนประชาสงค์เคราะห์ กรุงเทพ 10400 ', '/upload/passports/5/7/57eabb62003f64.87003697_1.jpg', '/upload/passports/5/7/57eabb62003f64.87003697_2.jpg', '0860238624', null, 1, '65764', 1, 0, 1, '97951', '0860238624', null, null, 1, 1, null, 2, null, 'siamoption.com', 'admitlead', 's1683|i105560242012|jbinary options|o790', null, 'google1.com', 'web_mobile', '182.232.26.84', null, 7, null, '20/6/2023', 0, 'Chird Watchcharamanothum', 1475134470, null, 1475143460, 750.00, null, 2, 1, null, null, null, null, null, null, null, null, 0, null, 1482690654, 0, null, null, 0, null, 2583, null, false);
INSERT INTO users (id, user_key, active, reg_date, full_name, first_name, last_name, email, password, funds_available, currency, locale, last_seen, birth_date, pp_series, pp_number, pp_date, pp_issuer, reg_address, live_address, scan_path, scan_path2, phone, wallet, email_confirmed, email_confirm_code, pp_uploaded, pp_confirmed, phone_confirmed, phone_confirm_code, phone_uni, fb_id, gg_id, real, daily_mail, comment, status, verify_denial_msg, origin, ref_type, ref_id, ref_user_id, traffic_source, reg_device, reg_ip, profit_percent, mail_number, blocked_till, pp_exp_date, suspicious, full_name_pp, sent_to_approve, formula_percent, approve_date, deb_bonus, reg_scenario, sex, signal_mail, fillup_layout, sub0, sub1, sub2, sub3, sub4, sub5, sub6, verify_notify_cnt, verify_denial_id, mail_sent_date, welcome_sent, bid_limit, offline_pay_account_id, session_count, assigned_admin, card_id, skipped, processing_card) VALUES (29204, '5808bd22b4b5e0.57792516', 0, 1476967714, null, 'นาโน', 'ซ่า', 'Som_1003@yahoo.com', '1cad77682b813f7ff58c9b3db67269b6', 0.0000, 'THB', 'th', 1477192634, '02/06/1983', null, '5501300033530', '26/05/2012', 'นายสุกิจ เจริญรัตนกุล', '38/29 ซ.2 ถ.สุขเกษม ต.ป่าตัน อ.เมือง จ.เชียงใหม่ 50200', '169/211 ถ.ราชดำเนิน ต.พระสิงห์ อ.เมือง จ.เชียงใหม่ 50200', '/upload/passports/5/8/5808bd22b4b5e0.57792516_1.JPG', '/upload/passports/5/8/5808bd22b4b5e0.57792516_2.JPG', '0991202563', null, 1, '61772', 1, 0, 1, '25125', '0991202563', null, null, 1, 0, 'дубль 16266', 3, null, 'siamoption.com/land1/', 'admitlead', 's1683|item_fin|j146129363693|k201609290|o790', null, 'google1.com', 'web_mobile', '1.1.161.65', null, null, null, '1/6/2021', 0, 'Panaporn Kantiya', null, null, null, 125.00, 'land_social_nophone', 1, 1, null, null, null, null, null, null, null, null, 0, null, null, 0, null, null, 0, null, 11073, null, false);
INSERT INTO users (id, user_key, active, reg_date, full_name, first_name, last_name, email, password, funds_available, currency, locale, last_seen, birth_date, pp_series, pp_number, pp_date, pp_issuer, reg_address, live_address, scan_path, scan_path2, phone, wallet, email_confirmed, email_confirm_code, pp_uploaded, pp_confirmed, phone_confirmed, phone_confirm_code, phone_uni, fb_id, gg_id, real, daily_mail, comment, status, verify_denial_msg, origin, ref_type, ref_id, ref_user_id, traffic_source, reg_device, reg_ip, profit_percent, mail_number, blocked_till, pp_exp_date, suspicious, full_name_pp, sent_to_approve, formula_percent, approve_date, deb_bonus, reg_scenario, sex, signal_mail, fillup_layout, sub0, sub1, sub2, sub3, sub4, sub5, sub6, verify_notify_cnt, verify_denial_id, mail_sent_date, welcome_sent, bid_limit, offline_pay_account_id, session_count, assigned_admin, card_id, skipped, processing_card) VALUES (33758, '5811138e49aaa1.85580776', 1, 1477514126, null, null, null, 'aoudateam@gmail.com', '1b1b89be82a2a1fa6d8c43287f56c045', 91510.0000, 'THB', 'th', 1478606694, null, null, null, null, null, null, null, null, null, null, null, null, null, null, null, null, null, null, null, null, 0, 1, null, 0, null, 'siamoption.com', null, null, null, null, 'web_mobile', '1.0.134.0', null, null, null, null, 0, null, null, null, null, 0.00, null, null, 1, null, null, null, null, null, null, null, null, 0, null, null, 0, null, null, 0, null, 11072, null, false);
INSERT INTO users (id, user_key, active, reg_date, full_name, first_name, last_name, email, password, funds_available, currency, locale, last_seen, birth_date, pp_series, pp_number, pp_date, pp_issuer, reg_address, live_address, scan_path, scan_path2, phone, wallet, email_confirmed, email_confirm_code, pp_uploaded, pp_confirmed, phone_confirmed, phone_confirm_code, phone_uni, fb_id, gg_id, real, daily_mail, comment, status, verify_denial_msg, origin, ref_type, ref_id, ref_user_id, traffic_source, reg_device, reg_ip, profit_percent, mail_number, blocked_till, pp_exp_date, suspicious, full_name_pp, sent_to_approve, formula_percent, approve_date, deb_bonus, reg_scenario, sex, signal_mail, fillup_layout, sub0, sub1, sub2, sub3, sub4, sub5, sub6, verify_notify_cnt, verify_denial_id, mail_sent_date, welcome_sent, bid_limit, offline_pay_account_id, session_count, assigned_admin, card_id, skipped, processing_card) VALUES (33812, '5811594b3a1012.31502654', 1, 1477531979, null, null, null, 'boclub7789@gmail.com', '905848e249d34b061fcbcfaaa244b4a9', 108585.0000, 'THB', 'th', 1477603176, null, null, null, null, null, null, null, null, null, null, null, null, null, null, null, null, null, null, null, null, 0, 1, null, 0, null, 'siamoption.com', null, null, null, null, 'android', '223.204.241.111', null, null, null, null, 0, null, null, null, null, 0.00, 'full_demo', null, 1, null, null, null, null, null, null, null, null, 0, null, null, 0, null, null, 0, null, 11075, null, false);
INSERT INTO users (id, user_key, active, reg_date, full_name, first_name, last_name, email, password, funds_available, currency, locale, last_seen, birth_date, pp_series, pp_number, pp_date, pp_issuer, reg_address, live_address, scan_path, scan_path2, phone, wallet, email_confirmed, email_confirm_code, pp_uploaded, pp_confirmed, phone_confirmed, phone_confirm_code, phone_uni, fb_id, gg_id, real, daily_mail, comment, status, verify_denial_msg, origin, ref_type, ref_id, ref_user_id, traffic_source, reg_device, reg_ip, profit_percent, mail_number, blocked_till, pp_exp_date, suspicious, full_name_pp, sent_to_approve, formula_percent, approve_date, deb_bonus, reg_scenario, sex, signal_mail, fillup_layout, sub0, sub1, sub2, sub3, sub4, sub5, sub6, verify_notify_cnt, verify_denial_id, mail_sent_date, welcome_sent, bid_limit, offline_pay_account_id, session_count, assigned_admin, card_id, skipped, processing_card) VALUES (34180, '5811d640e30d35.54007344', 1, 1477563968, null, 'Teranai', 'Malaob', 'Ant133297@gmail.com', '332bd11774a07f5ba80745b6e06240b6', 7.0000, 'THB', 'th', 1478309515, '12/03/1996', null, '1209700662451', '11/05/2011', 'เทศบาลศรีราชา', '199/14 M.9 Nongkham Sriracha Chonburi 20110', '199/14 M.9 Nongkham Sriracha Chonburi 20110', '/upload/passports/5/8/5811d640e30d35.54007344_1.jpg', null, '+66853971332', null, 1, '12013', 1, 0, 1, '14326', '0853971332', null, null, 1, 1, null, 3, null, 'siamoption.com', null, null, null, 'googleorganic', 'web_mobile', '1.46.45.136', -10, 7, null, '11/3/2018', 0, null, null, null, null, 625.00, null, 0, 1, null, null, null, null, null, null, null, null, 0, null, 1482748453, 0, null, null, 0, null, 11085, null, false);
INSERT INTO users (id, user_key, active, reg_date, full_name, first_name, last_name, email, password, funds_available, currency, locale, last_seen, birth_date, pp_series, pp_number, pp_date, pp_issuer, reg_address, live_address, scan_path, scan_path2, phone, wallet, email_confirmed, email_confirm_code, pp_uploaded, pp_confirmed, phone_confirmed, phone_confirm_code, phone_uni, fb_id, gg_id, real, daily_mail, comment, status, verify_denial_msg, origin, ref_type, ref_id, ref_user_id, traffic_source, reg_device, reg_ip, profit_percent, mail_number, blocked_till, pp_exp_date, suspicious, full_name_pp, sent_to_approve, formula_percent, approve_date, deb_bonus, reg_scenario, sex, signal_mail, fillup_layout, sub0, sub1, sub2, sub3, sub4, sub5, sub6, verify_notify_cnt, verify_denial_id, mail_sent_date, welcome_sent, bid_limit, offline_pay_account_id, session_count, assigned_admin, card_id, skipped, processing_card) VALUES (34227, '5811e7ab2210f0.24488052', 1, 1477568427, null, 'Kanyaratt', 'Montha', 'kanyarattmontha1989@gmail.com', '6e3200e5f601c2a24eaf3ce087a55135', 0.0000, 'THB', 'th', 1479288198, null, null, null, null, null, null, null, null, null, null, null, null, null, null, null, null, null, null, null, null, 0, 1, null, 0, null, 'siamoption.com', null, null, null, null, 'android', '1.46.104.217', null, null, null, null, 0, null, null, null, null, 0.00, null, null, 1, null, null, null, null, null, null, null, null, 0, null, null, 0, null, null, 0, null, 11074, null, false);
INSERT INTO users (id, user_key, active, reg_date, full_name, first_name, last_name, email, password, funds_available, currency, locale, last_seen, birth_date, pp_series, pp_number, pp_date, pp_issuer, reg_address, live_address, scan_path, scan_path2, phone, wallet, email_confirmed, email_confirm_code, pp_uploaded, pp_confirmed, phone_confirmed, phone_confirm_code, phone_uni, fb_id, gg_id, real, daily_mail, comment, status, verify_denial_msg, origin, ref_type, ref_id, ref_user_id, traffic_source, reg_device, reg_ip, profit_percent, mail_number, blocked_till, pp_exp_date, suspicious, full_name_pp, sent_to_approve, formula_percent, approve_date, deb_bonus, reg_scenario, sex, signal_mail, fillup_layout, sub0, sub1, sub2, sub3, sub4, sub5, sub6, verify_notify_cnt, verify_denial_id, mail_sent_date, welcome_sent, bid_limit, offline_pay_account_id, session_count, assigned_admin, card_id, skipped, processing_card) VALUES (52922, '582bdeabb13434.87725239', 1, 1479270059, null, 'Jad', 'Paya', 'jad_paya@hotmail.com', '9c374f9b5d7c82b8d02d712871992acf', 240.2000, 'THB', 'th', 1492656157, '//', null, null, '//', null, null, null, null, null, null, null, null, '69634', null, null, 0, null, null, null, null, 1, 1, null, 0, null, 'siamoption.com', null, null, null, 'NP rt_visitors_verticalvideo_mobile_2017_04_13', 'web_mobile', '195.154.156.49', null, null, null, '//', 0, null, null, null, null, 0.00, null, null, 1, null, null, 'Facebook Ads', 'NP rt_visitors_verticalvideo_mobile_2017_04_13', '', '', '', '', 4, null, null, 0, null, null, 1, null, 17847, null, false);
INSERT INTO users (id, user_key, active, reg_date, full_name, first_name, last_name, email, password, funds_available, currency, locale, last_seen, birth_date, pp_series, pp_number, pp_date, pp_issuer, reg_address, live_address, scan_path, scan_path2, phone, wallet, email_confirmed, email_confirm_code, pp_uploaded, pp_confirmed, phone_confirmed, phone_confirm_code, phone_uni, fb_id, gg_id, real, daily_mail, comment, status, verify_denial_msg, origin, ref_type, ref_id, ref_user_id, traffic_source, reg_device, reg_ip, profit_percent, mail_number, blocked_till, pp_exp_date, suspicious, full_name_pp, sent_to_approve, formula_percent, approve_date, deb_bonus, reg_scenario, sex, signal_mail, fillup_layout, sub0, sub1, sub2, sub3, sub4, sub5, sub6, verify_notify_cnt, verify_denial_id, mail_sent_date, welcome_sent, bid_limit, offline_pay_account_id, session_count, assigned_admin, card_id, skipped, processing_card) VALUES (70684, '5842e8c271e440.68831978', 1, 1480779970, null, 'Stanley', 'Augustine', 'mrstanley78aug@yahoo.com', 'd169193545b5c3f36b20a588013fd473', null, 'THB', 'en', 1491731125, '20/11/1978', null, '05350150', '23/01/2014', 'Nigerian', '99 /154 Eakmongkol 4 soi 3.  Soi Khaotalo Nongprue Pattaya Banglaming Chonburi 20150', '99 /154 Eakmongkol 4 soi 3.  Soi Khaotalo Nongprue Pattaya Banglaming Chonburi 20150', '/upload/passports/5/8/5842e8c271e440.68831978_1.jpg', '/upload/passports/5/8/5842e8c271e440.68831978_2.jpg', '+66611399188', null, 1, null, 1, 0, 1, '46800', '0611399188', null, null, 1, 0, null, 2, null, 'siamoption.com', null, null, null, 'organicmain', 'web_desktop', '223.205.154.34', null, null, null, '22/01/2019', 1, 'Stanley Onyekachi Augustine', 1488386555, null, 1488453920, 0.00, null, 2, 0, null, null, null, null, null, null, null, null, 4, null, null, 0, null, 2, 3, null, 24519, null, false);
INSERT INTO users (id, user_key, active, reg_date, full_name, first_name, last_name, email, password, funds_available, currency, locale, last_seen, birth_date, pp_series, pp_number, pp_date, pp_issuer, reg_address, live_address, scan_path, scan_path2, phone, wallet, email_confirmed, email_confirm_code, pp_uploaded, pp_confirmed, phone_confirmed, phone_confirm_code, phone_uni, fb_id, gg_id, real, daily_mail, comment, status, verify_denial_msg, origin, ref_type, ref_id, ref_user_id, traffic_source, reg_device, reg_ip, profit_percent, mail_number, blocked_till, pp_exp_date, suspicious, full_name_pp, sent_to_approve, formula_percent, approve_date, deb_bonus, reg_scenario, sex, signal_mail, fillup_layout, sub0, sub1, sub2, sub3, sub4, sub5, sub6, verify_notify_cnt, verify_denial_id, mail_sent_date, welcome_sent, bid_limit, offline_pay_account_id, session_count, assigned_admin, card_id, skipped, processing_card) VALUES (314017, '58f64fa41b2833.74468349', 1, 1492537252, null, 'วัชรีย์', 'เหง้าวิชัย', 'bluebird.blackbox@gmail.com', 'f938e40becbaee58f3effe7c6bba9976', null, 'THB', 'th', 1492548292, '24/11/1982', null, '3439900009488', '15/08/2015', 'สำนักงานเขตปากเกร็ด', '66 ต.มีชัย อ.เมือง จ.หนองคาย', '66 ต.มีชัย อ.เมือง จ.หนองคาย', '/upload/passports/5/8/58f64fa41b2833.74468349_1.jpg', null, '0958797353', null, 1, '46274', 1, 0, 1, '70518', '0958797353', null, null, 1, 1, '', 2, null, 'siamoption.com/regbonus', null, '321746', 218779, '321746', 'web_desktop', '101.108.233.40', null, 7, null, '23/11/2023', null, 'Watcharee Ngaovichai', 1492537712, null, 1492684510, 0.00, null, 1, 1, null, 'ref_01', 'referal', '218779', '321746', 'double', null, null, 11, null, 1493659834, 1, null, 1, 4, 27, 296968, null, false);

INSERT INTO users (id, user_key, active, reg_date, full_name, first_name, last_name, email, password, funds_available, currency, locale, last_seen, birth_date, pp_series, pp_number, pp_date, pp_issuer, reg_address, live_address, scan_path, scan_path2, phone, wallet, email_confirmed, email_confirm_code, pp_uploaded, pp_confirmed, phone_confirmed, phone_confirm_code, phone_uni, fb_id, gg_id, real, daily_mail, comment, status, verify_denial_msg, origin, ref_type, ref_id, ref_user_id, traffic_source, reg_device, reg_ip, profit_percent, mail_number, blocked_till, pp_exp_date, suspicious, full_name_pp, sent_to_approve, formula_percent, approve_date, deb_bonus, reg_scenario, sex, signal_mail, fillup_layout, sub0, sub1, sub2, sub3, sub4, sub5, sub6, verify_notify_cnt, verify_denial_id, mail_sent_date, welcome_sent, bid_limit, offline_pay_account_id, session_count, assigned_admin, card_id, skipped, processing_card) VALUES (321746, '58f964937526f8.25728403', 1, 1492739219, null, 'kittiphong', 'kit', 'kittiphong.k66@gmail.com', 'bd25fec63bc2febd85fef00ca28867a1', null, 'THB', 'th', 1503403855, '16/05/1982', null, '3800900115782', '04/11/2015', 'เขตบางขุนเทียน กรุงเทพมหานคร', '3/181 ซ.สะแกงาม 14 แยก2 แขวงแสมดำ เขตบางขุนเทียน กรุงเทพมหานคร', '3/181 ซ.สะแกงาม 14 แยก2 แขวงแสมดำ เขตบางขุนเทียน กรุงเทพมหานคร', '/upload/passports/5/8/58f964937526f8.25728403_1.jpg', null, '0831988744', null, 1, null, 1, 0, 1, '42430', '0831988744', null, null, 1, 1, '', 2, '314017', 'siamoption.com', null, null, 314017, 'referal', 'web_mobile', '203.195.123.245', null, 7, null, '15/05/2024', null, 'Kittiphong Thammavanit', 1493100196, null, 1493107022, 0.00, null, 2, 1, null, 'ref_01', 'referal', '69338', '', null, null, null, 7, null, 1493947833, 1, null, 1, 2, 27, 296965, null, false);

INSERT INTO users (id, user_key, active, reg_date, full_name, first_name, last_name, email, password, funds_available, currency, locale, last_seen, birth_date, pp_series, pp_number, pp_date, pp_issuer, reg_address, live_address, scan_path, scan_path2, phone, wallet, email_confirmed, email_confirm_code, pp_uploaded, pp_confirmed, phone_confirmed, phone_confirm_code, phone_uni, fb_id, gg_id, real, daily_mail, comment, status, verify_denial_msg, origin, ref_type, ref_id, ref_user_id, traffic_source, reg_device, reg_ip, profit_percent, mail_number, blocked_till, pp_exp_date, suspicious, full_name_pp, sent_to_approve, formula_percent, approve_date, deb_bonus, reg_scenario, sex, signal_mail, fillup_layout, sub0, sub1, sub2, sub3, sub4, sub5, sub6, verify_notify_cnt, verify_denial_id, mail_sent_date, welcome_sent, bid_limit, offline_pay_account_id, session_count, assigned_admin, card_id, skipped, processing_card) VALUES (556077, '595a6b52dec587.72449333.x87c2d', 1, 1499097938, null, 'นายสุรเดช', 'เมฆโต', 'suradet09mekto@gmail.com', '1f6568fdf87375a3f9e83e5e5ef7c2f9', null, 'THB', 'th', 1504609027, null, null, '1749900700416', '16/01/2015', 'นายกฤษฎา บุญราช', 'บ้านกระต่ายด่อนน้อย ม.13 ต.สมอ อ.ปรางค์กู่ จ.ศรีสะเกษ 33170', 'บ้านกระต่ายด่อนน้อย ม.13 ต.สมอ อ.ปรางค์กู่ จ.ศรีสะเกษ 33170', null, null, '0638170213', null, 1, '82402', 0, 0, 1, '28119', '0638170213', null, null, 1, 1, '', 3, null, 'siamoption.com', null, null, null, 'null', 'android', '223.24.76.67', null, 1, null, '08/12/2023', null, 'Suradet Mekto', null, null, null, 0.00, 'quick', 2, 1, null, null, 'null', 'null', 'null', 'null', 'null', 'null', 3, 3, 1504629036, 1, null, null, 4, 23, 296676, null, false);
INSERT INTO users (id, user_key, active, reg_date, full_name, first_name, last_name, email, password, funds_available, currency, locale, last_seen, birth_date, pp_series, pp_number, pp_date, pp_issuer, reg_address, live_address, scan_path, scan_path2, phone, wallet, email_confirmed, email_confirm_code, pp_uploaded, pp_confirmed, phone_confirmed, phone_confirm_code, phone_uni, fb_id, gg_id, real, daily_mail, comment, status, verify_denial_msg, origin, ref_type, ref_id, ref_user_id, traffic_source, reg_device, reg_ip, profit_percent, mail_number, blocked_till, pp_exp_date, suspicious, full_name_pp, sent_to_approve, formula_percent, approve_date, deb_bonus, reg_scenario, sex, signal_mail, fillup_layout, sub0, sub1, sub2, sub3, sub4, sub5, sub6, verify_notify_cnt, verify_denial_id, mail_sent_date, welcome_sent, bid_limit, offline_pay_account_id, session_count, assigned_admin, card_id, skipped, processing_card) VALUES (625199, '597dad02dbcd93.98092057.x98a2f', 1, 1501408514, null, '', null, 'minns.2007@hotmail.com', '2b2408b1becef12c36049664ca38f74f', null, 'THB', 'th', 1503312111, null, null, null, null, null, null, null, null, null, '0616754248', null, null, null, null, null, null, null, '0616754248', null, null, 0, 1, null, 0, null, 'join.siamoption.com/siam_40', 'admitlead', 'undefined', null, 'facebook_r', 'web_mobile', '27.55.65.52', null, null, null, null, null, null, null, null, null, 0.00, null, null, 1, null, 'siam_40', 'facebook_r', 'Images_40__lla_3pr_20_07', null, null, null, null, 6, null, null, 1, null, 2, 1, null, 296857, null, false);
INSERT INTO users (id, user_key, active, reg_date, full_name, first_name, last_name, email, password, funds_available, currency, locale, last_seen, birth_date, pp_series, pp_number, pp_date, pp_issuer, reg_address, live_address, scan_path, scan_path2, phone, wallet, email_confirmed, email_confirm_code, pp_uploaded, pp_confirmed, phone_confirmed, phone_confirm_code, phone_uni, fb_id, gg_id, real, daily_mail, comment, status, verify_denial_msg, origin, ref_type, ref_id, ref_user_id, traffic_source, reg_device, reg_ip, profit_percent, mail_number, blocked_till, pp_exp_date, suspicious, full_name_pp, sent_to_approve, formula_percent, approve_date, deb_bonus, reg_scenario, sex, signal_mail, fillup_layout, sub0, sub1, sub2, sub3, sub4, sub5, sub6, verify_notify_cnt, verify_denial_id, mail_sent_date, welcome_sent, bid_limit, offline_pay_account_id, session_count, assigned_admin, card_id, skipped, processing_card) VALUES (643425, '5986df0a344640.22599287.x9d161', 1, 1502011146, null, 'ดาวิกา', 'จินตนาเรือง', 'dawika.119@gmail.com', '840ccd2fdd8e1854890083fc90e33145', null, 'THB', 'th', 1504316773, null, null, null, null, null, null, null, null, null, '08630848724872629043', null, 1, null, null, null, null, '88694', '0872629043', null, null, 0, 1, null, 0, null, 'siamoption.com', null, null, null, 'APP-SL_3K_deps_1pr_11-07', 'android', '27.55.102.65', null, 7, null, null, null, null, null, null, null, 0.00, 'quick', null, 1, null, null, 'Facebook Ads', 'APP-SL_3K_deps_1pr_11-07', 'null', 'null', 'null', 'null', 36, null, 1504603807, 1, null, 1, 2, null, 296837, null, false);
INSERT INTO users (id, user_key, active, reg_date, full_name, first_name, last_name, email, password, funds_available, currency, locale, last_seen, birth_date, pp_series, pp_number, pp_date, pp_issuer, reg_address, live_address, scan_path, scan_path2, phone, wallet, email_confirmed, email_confirm_code, pp_uploaded, pp_confirmed, phone_confirmed, phone_confirm_code, phone_uni, fb_id, gg_id, real, daily_mail, comment, status, verify_denial_msg, origin, ref_type, ref_id, ref_user_id, traffic_source, reg_device, reg_ip, profit_percent, mail_number, blocked_till, pp_exp_date, suspicious, full_name_pp, sent_to_approve, formula_percent, approve_date, deb_bonus, reg_scenario, sex, signal_mail, fillup_layout, sub0, sub1, sub2, sub3, sub4, sub5, sub6, verify_notify_cnt, verify_denial_id, mail_sent_date, welcome_sent, bid_limit, offline_pay_account_id, session_count, assigned_admin, card_id, skipped, processing_card) VALUES (702895, '59a84b7fa430a3.75916900.xab9af', 1, 1504201599, null, 'ปฏิภาณ', 'อิ่มแผ้ว', 'tamoasuopi2541@gmail.com', 'a9384bd917a726a2ed1c73ed28dd77a8', null, 'THB', 'th', 1504233945, null, null, null, null, null, null, null, null, null, '0972631755', null, null, '12370', null, null, 1, '79860', '0972631755', null, null, 0, 1, null, 0, null, 'siamoption.com', null, null, null, '918960363', 'android', '27.55.88.106', null, null, null, null, null, null, null, null, null, 0.00, 'quick', null, 1, null, null, 'googleadwords_int', '918960363', 'null', 'null', 'null', 'null', 1, null, null, 0, null, null, 7, null, 296973, null, false);
INSERT INTO users (id, user_key, active, reg_date, full_name, first_name, last_name, email, password, funds_available, currency, locale, last_seen, birth_date, pp_series, pp_number, pp_date, pp_issuer, reg_address, live_address, scan_path, scan_path2, phone, wallet, email_confirmed, email_confirm_code, pp_uploaded, pp_confirmed, phone_confirmed, phone_confirm_code, phone_uni, fb_id, gg_id, real, daily_mail, comment, status, verify_denial_msg, origin, ref_type, ref_id, ref_user_id, traffic_source, reg_device, reg_ip, profit_percent, mail_number, blocked_till, pp_exp_date, suspicious, full_name_pp, sent_to_approve, formula_percent, approve_date, deb_bonus, reg_scenario, sex, signal_mail, fillup_layout, sub0, sub1, sub2, sub3, sub4, sub5, sub6, verify_notify_cnt, verify_denial_id, mail_sent_date, welcome_sent, bid_limit, offline_pay_account_id, session_count, assigned_admin, card_id, skipped, processing_card) VALUES (703004, '59a86a02f29041.47592857.xaba1c', 1, 1504209410, null, '', null, 'tonoarvj@gmail.com', 'db8ddb6774cadd915b930f093b06c457', null, 'THB', 'th', 1504240722, null, null, null, null, null, null, null, null, null, '0884668818', null, null, null, null, null, null, null, '0884668818', null, null, 0, 1, null, 0, null, 'join.siamoption.com/gl2908201720a50', 'admitlead', 'undefined', null, 'google', 'web_mobile', '223.205.246.207', null, null, null, null, null, null, null, null, null, 0.00, null, null, 1, null, 'siam_20a', 'google', 'search_th_keys_m_2017_08_25', 'conversionnye', 't1', 'toluna', '', 13, null, null, 1, null, 5, 2, null, 296972, null, false);
INSERT INTO users (id, user_key, active, reg_date, full_name, first_name, last_name, email, password, funds_available, currency, locale, last_seen, birth_date, pp_series, pp_number, pp_date, pp_issuer, reg_address, live_address, scan_path, scan_path2, phone, wallet, email_confirmed, email_confirm_code, pp_uploaded, pp_confirmed, phone_confirmed, phone_confirm_code, phone_uni, fb_id, gg_id, real, daily_mail, comment, status, verify_denial_msg, origin, ref_type, ref_id, ref_user_id, traffic_source, reg_device, reg_ip, profit_percent, mail_number, blocked_till, pp_exp_date, suspicious, full_name_pp, sent_to_approve, formula_percent, approve_date, deb_bonus, reg_scenario, sex, signal_mail, fillup_layout, sub0, sub1, sub2, sub3, sub4, sub5, sub6, verify_notify_cnt, verify_denial_id, mail_sent_date, welcome_sent, bid_limit, offline_pay_account_id, session_count, assigned_admin, card_id, skipped, processing_card) VALUES (703293, '59a8c163da1fe0.86951159.xabb3d', 1, 1504231779, null, '', null, 'nongpatty_pat@hotmail.com', '7fe4ec48948034ac0602cdb3bf3909ac', null, 'THB', 'th', 1504232043, null, null, null, null, null, null, null, null, null, '0831988744', null, null, null, null, null, null, null, '0831988744', null, null, 0, 0, null, 0, null, 'join.siamoption.com/gl2908201720a50', 'admitlead', 'undefined', null, 'google', 'web_mobile', '27.55.38.243', null, null, null, null, null, null, null, null, null, 0.00, null, null, 0, null, 'siam_20a', 'google', 'search_th_keys_green_m_2017_08_28', 'green_keys', 't3_2017_08_28', 'หุ้น', '', 7, null, null, 1, null, null, 2, null, 296950, null, false);
INSERT INTO users (id, user_key, active, reg_date, full_name, first_name, last_name, email, password, funds_available, currency, locale, last_seen, birth_date, pp_series, pp_number, pp_date, pp_issuer, reg_address, live_address, scan_path, scan_path2, phone, wallet, email_confirmed, email_confirm_code, pp_uploaded, pp_confirmed, phone_confirmed, phone_confirm_code, phone_uni, fb_id, gg_id, real, daily_mail, comment, status, verify_denial_msg, origin, ref_type, ref_id, ref_user_id, traffic_source, reg_device, reg_ip, profit_percent, mail_number, blocked_till, pp_exp_date, suspicious, full_name_pp, sent_to_approve, formula_percent, approve_date, deb_bonus, reg_scenario, sex, signal_mail, fillup_layout, sub0, sub1, sub2, sub3, sub4, sub5, sub6, verify_notify_cnt, verify_denial_id, mail_sent_date, welcome_sent, bid_limit, offline_pay_account_id, session_count, assigned_admin, card_id, skipped, processing_card) VALUES (703794, '59a906429266b5.26969487.xabd32', 1, 1504249410, null, null, null, 'jiw_iii_@hotmail.com', '17b8389c5961732dbf3c1936d29dae0f', null, 'THB', 'th', 1504249835, null, null, null, null, null, null, null, null, null, '0960051591', null, null, null, null, null, null, null, '0960051591', null, null, 0, 0, null, 0, null, 'siamoption.com', null, null, null, '892834010', 'android', '182.232.107.105', null, null, null, null, null, null, null, null, null, 0.00, 'quick', null, 0, null, null, 'googleadwords_int', '892834010', 'null', 'null', 'null', 'null', 0, null, null, 1, null, 4, 1, null, 296974, null, false);
INSERT INTO users (id, user_key, active, reg_date, full_name, first_name, last_name, email, password, funds_available, currency, locale, last_seen, birth_date, pp_series, pp_number, pp_date, pp_issuer, reg_address, live_address, scan_path, scan_path2, phone, wallet, email_confirmed, email_confirm_code, pp_uploaded, pp_confirmed, phone_confirmed, phone_confirm_code, phone_uni, fb_id, gg_id, real, daily_mail, comment, status, verify_denial_msg, origin, ref_type, ref_id, ref_user_id, traffic_source, reg_device, reg_ip, profit_percent, mail_number, blocked_till, pp_exp_date, suspicious, full_name_pp, sent_to_approve, formula_percent, approve_date, deb_bonus, reg_scenario, sex, signal_mail, fillup_layout, sub0, sub1, sub2, sub3, sub4, sub5, sub6, verify_notify_cnt, verify_denial_id, mail_sent_date, welcome_sent, bid_limit, offline_pay_account_id, session_count, assigned_admin, card_id, skipped, processing_card) VALUES (703893, '59a913d0d73e70.80435996.xabd95', 1, 1504252880, null, '', null, 'kakhomkluay@hotmail.com', 'c3d09f93ca1bb11d3393874a8ab005c0', null, 'THB', 'th', 1504252886, null, null, null, null, null, null, null, null, null, '0836038575', null, null, null, null, null, null, null, '0836038575', null, null, 0, 1, null, 0, null, 'join.siamoption.com/gl2908201720a50', 'admitlead', 'undefined', null, 'google', 'web_mobile', '171.6.166.91', null, null, null, null, null, null, null, null, null, 0.00, null, null, 1, null, 'siam_50', 'google', 'search_th_keys_green_m_2017_08_28', 'green_keys', 't3_2017_08_28', 'ลงทุน', '', 1, null, null, 1, null, null, 1, null, 296946, null, false);
INSERT INTO users (id, user_key, active, reg_date, full_name, first_name, last_name, email, password, funds_available, currency, locale, last_seen, birth_date, pp_series, pp_number, pp_date, pp_issuer, reg_address, live_address, scan_path, scan_path2, phone, wallet, email_confirmed, email_confirm_code, pp_uploaded, pp_confirmed, phone_confirmed, phone_confirm_code, phone_uni, fb_id, gg_id, real, daily_mail, comment, status, verify_denial_msg, origin, ref_type, ref_id, ref_user_id, traffic_source, reg_device, reg_ip, profit_percent, mail_number, blocked_till, pp_exp_date, suspicious, full_name_pp, sent_to_approve, formula_percent, approve_date, deb_bonus, reg_scenario, sex, signal_mail, fillup_layout, sub0, sub1, sub2, sub3, sub4, sub5, sub6, verify_notify_cnt, verify_denial_id, mail_sent_date, welcome_sent, bid_limit, offline_pay_account_id, session_count, assigned_admin, card_id, skipped, processing_card) VALUES (704199, '59a9380e2e5d42.19348698.xabec7', 1, 1504262158, null, null, null, 'kittiphonchincho@gmail.com', '06e794834ffd41c969b456f8dd125f45', null, 'THB', 'th', 1504262830, null, null, null, null, null, null, null, null, null, '0985064195', null, null, null, null, null, null, null, '0985064195', null, null, 0, 1, null, 0, null, 'siamoption.com', null, null, null, '918960363', 'android', '49.48.63.28', null, null, null, null, null, null, null, null, null, 0.00, 'quick', null, 1, null, null, 'googleadwords_int', '918960363', 'null', 'null', 'null', 'null', 0, null, null, 1, null, null, 1, null, 296844, null, false);
INSERT INTO users (id, user_key, active, reg_date, full_name, first_name, last_name, email, password, funds_available, currency, locale, last_seen, birth_date, pp_series, pp_number, pp_date, pp_issuer, reg_address, live_address, scan_path, scan_path2, phone, wallet, email_confirmed, email_confirm_code, pp_uploaded, pp_confirmed, phone_confirmed, phone_confirm_code, phone_uni, fb_id, gg_id, real, daily_mail, comment, status, verify_denial_msg, origin, ref_type, ref_id, ref_user_id, traffic_source, reg_device, reg_ip, profit_percent, mail_number, blocked_till, pp_exp_date, suspicious, full_name_pp, sent_to_approve, formula_percent, approve_date, deb_bonus, reg_scenario, sex, signal_mail, fillup_layout, sub0, sub1, sub2, sub3, sub4, sub5, sub6, verify_notify_cnt, verify_denial_id, mail_sent_date, welcome_sent, bid_limit, offline_pay_account_id, session_count, assigned_admin, card_id, skipped, processing_card) VALUES (704319, '59a94a213ec2b7.24197388.xabf3f', 1, 1504266785, null, null, null, 'Hmuk@gmail.com', '86bff0b6c831054007f55a22d5f3de53', null, 'THB', 'th', 1504276689, null, null, null, null, null, null, null, null, null, '0984687457', null, null, null, null, null, null, null, '0984687457', null, null, 0, 1, null, 0, null, 'siamoption.com', null, null, null, 'null', 'android', '49.230.214.94', null, null, null, null, null, null, null, null, null, 0.00, 'quick', null, 1, null, null, 'null', 'null', 'null', 'null', 'null', 'null', 0, null, null, 0, null, null, 3, null, 296949, null, true);
INSERT INTO users (id, user_key, active, reg_date, full_name, first_name, last_name, email, password, funds_available, currency, locale, last_seen, birth_date, pp_series, pp_number, pp_date, pp_issuer, reg_address, live_address, scan_path, scan_path2, phone, wallet, email_confirmed, email_confirm_code, pp_uploaded, pp_confirmed, phone_confirmed, phone_confirm_code, phone_uni, fb_id, gg_id, real, daily_mail, comment, status, verify_denial_msg, origin, ref_type, ref_id, ref_user_id, traffic_source, reg_device, reg_ip, profit_percent, mail_number, blocked_till, pp_exp_date, suspicious, full_name_pp, sent_to_approve, formula_percent, approve_date, deb_bonus, reg_scenario, sex, signal_mail, fillup_layout, sub0, sub1, sub2, sub3, sub4, sub5, sub6, verify_notify_cnt, verify_denial_id, mail_sent_date, welcome_sent, bid_limit, offline_pay_account_id, session_count, assigned_admin, card_id, skipped, processing_card) VALUES (704389, '59a956a4e77e99.36516407.xabf85', 1, 1504269988, null, null, null, 'pehalikkasit@gmail.com', '5d845f05834de788a8b7af75d66a242b', null, 'THB', 'th', 1504314781, null, null, null, null, null, null, null, null, null, '0613948498', null, 1, null, null, null, null, null, '0613948498', null, null, 0, 1, null, 0, null, 'siamoption.com', null, null, null, '918960363', 'android', '110.168.6.109', null, 2, null, null, null, null, null, null, null, 0.00, 'quick', null, 1, null, null, 'googleadwords_int', '918960363', 'null', 'null', 'null', 'null', 2, null, 1504528238, 1, null, null, 1, null, 296961, null, false);
INSERT INTO users (id, user_key, active, reg_date, full_name, first_name, last_name, email, password, funds_available, currency, locale, last_seen, birth_date, pp_series, pp_number, pp_date, pp_issuer, reg_address, live_address, scan_path, scan_path2, phone, wallet, email_confirmed, email_confirm_code, pp_uploaded, pp_confirmed, phone_confirmed, phone_confirm_code, phone_uni, fb_id, gg_id, real, daily_mail, comment, status, verify_denial_msg, origin, ref_type, ref_id, ref_user_id, traffic_source, reg_device, reg_ip, profit_percent, mail_number, blocked_till, pp_exp_date, suspicious, full_name_pp, sent_to_approve, formula_percent, approve_date, deb_bonus, reg_scenario, sex, signal_mail, fillup_layout, sub0, sub1, sub2, sub3, sub4, sub5, sub6, verify_notify_cnt, verify_denial_id, mail_sent_date, welcome_sent, bid_limit, offline_pay_account_id, session_count, assigned_admin, card_id, skipped, processing_card) VALUES (709627, '59ad21d9cfe262.13296170.xad3fb', 1, 1504518617, null, '', null, 'Maxmlol101@gmil.com', '04900f04a060c9aefb06783bc5e902d7', null, 'THB', 'th', 1504518854, null, null, null, null, null, null, null, null, null, '0647061483', null, null, null, null, null, null, null, '0647061483', null, null, 0, 1, null, 0, null, 'join.siamoption.com/gl2908201710or50', 'admitlead', 'undefined', null, 'google', 'web_mobile', '27.55.201.223', null, null, null, null, null, null, null, null, null, 0.00, null, null, 1, null, 'siam_10or', 'google', 'kms_themes_m_2017_07_22', 'finansy', 'a1', 'man_old', 'random.satangame.com', 5, null, null, 1, null, null, 1, null, 296840, null, false);
INSERT INTO users (id, user_key, active, reg_date, full_name, first_name, last_name, email, password, funds_available, currency, locale, last_seen, birth_date, pp_series, pp_number, pp_date, pp_issuer, reg_address, live_address, scan_path, scan_path2, phone, wallet, email_confirmed, email_confirm_code, pp_uploaded, pp_confirmed, phone_confirmed, phone_confirm_code, phone_uni, fb_id, gg_id, real, daily_mail, comment, status, verify_denial_msg, origin, ref_type, ref_id, ref_user_id, traffic_source, reg_device, reg_ip, profit_percent, mail_number, blocked_till, pp_exp_date, suspicious, full_name_pp, sent_to_approve, formula_percent, approve_date, deb_bonus, reg_scenario, sex, signal_mail, fillup_layout, sub0, sub1, sub2, sub3, sub4, sub5, sub6, verify_notify_cnt, verify_denial_id, mail_sent_date, welcome_sent, bid_limit, offline_pay_account_id, session_count, assigned_admin, card_id, skipped, processing_card) VALUES (709711, '59ad2b635f6081.69701657.xad44f', 1, 1504521059, null, 'sunisa', 'limsunawi', 'sunisa5524@gmail.com', 'bb3393be2a0fc20976796e9f85e1d500', null, 'THB', 'th', 1504615846, '30/12/1987', null, '2840100021220', '12/02/2016', ' กรมการปกครอง', '17/15 ถ.ท่าล้อน  ต.ท่าข้าม  อ.พุนพิน  จ.สุราษฎร์ธานี  84130', '17/15 ถ.ท่าล้อน  ต.ท่าข้าม  อ.พุนพิน  จ.สุราษฎร์ธานี  84130', '/upload/passports/T/F/59ad2b635f6081.69701657.xad44f_1.jpg', null, '0911631014', null, 1, null, 1, 0, 1, '87771', '0911631014', null, null, 0, 1, '', 2, null, 'join.siamoption.com/siam_40', 'admitlead', 'undefined', null, 'facebook_r', 'web_mobile', '1.47.107.131', null, 1, null, '29/12/2024', null, 'Sunisa Limsunawi', 1504595722, null, 1504615528, 0.00, null, 1, 1, null, 'siam_40', 'facebook_r', 'Imgs_insta_40_WO1_4images_07_08_2', null, null, null, null, 11, null, 1504607411, 1, null, 5, 2, 70, 296921, null, false);
INSERT INTO users (id, user_key, active, reg_date, full_name, first_name, last_name, email, password, funds_available, currency, locale, last_seen, birth_date, pp_series, pp_number, pp_date, pp_issuer, reg_address, live_address, scan_path, scan_path2, phone, wallet, email_confirmed, email_confirm_code, pp_uploaded, pp_confirmed, phone_confirmed, phone_confirm_code, phone_uni, fb_id, gg_id, real, daily_mail, comment, status, verify_denial_msg, origin, ref_type, ref_id, ref_user_id, traffic_source, reg_device, reg_ip, profit_percent, mail_number, blocked_till, pp_exp_date, suspicious, full_name_pp, sent_to_approve, formula_percent, approve_date, deb_bonus, reg_scenario, sex, signal_mail, fillup_layout, sub0, sub1, sub2, sub3, sub4, sub5, sub6, verify_notify_cnt, verify_denial_id, mail_sent_date, welcome_sent, bid_limit, offline_pay_account_id, session_count, assigned_admin, card_id, skipped, processing_card) VALUES (709736, '59ad2e2d75fe78.02067801.xad468', 1, 1504521773, null, null, null, 'seksak_ep@hotmail.com', '91876f349bc733816d02d3dbf21e32fc', null, 'THB', 'th', 1504679625, null, null, null, null, null, null, null, null, null, '0850731203', null, null, null, null, null, null, null, '0850731203', null, null, 0, 0, null, 0, null, 'siamoption.com', null, null, null, null, 'web_mobile', '1.47.142.168', null, null, null, null, null, null, null, null, null, 0.00, null, null, 0, null, null, null, null, null, null, null, null, 5, null, null, 1, null, 5, 2, null, 296943, null, false);
INSERT INTO users (id, user_key, active, reg_date, full_name, first_name, last_name, email, password, funds_available, currency, locale, last_seen, birth_date, pp_series, pp_number, pp_date, pp_issuer, reg_address, live_address, scan_path, scan_path2, phone, wallet, email_confirmed, email_confirm_code, pp_uploaded, pp_confirmed, phone_confirmed, phone_confirm_code, phone_uni, fb_id, gg_id, real, daily_mail, comment, status, verify_denial_msg, origin, ref_type, ref_id, ref_user_id, traffic_source, reg_device, reg_ip, profit_percent, mail_number, blocked_till, pp_exp_date, suspicious, full_name_pp, sent_to_approve, formula_percent, approve_date, deb_bonus, reg_scenario, sex, signal_mail, fillup_layout, sub0, sub1, sub2, sub3, sub4, sub5, sub6, verify_notify_cnt, verify_denial_id, mail_sent_date, welcome_sent, bid_limit, offline_pay_account_id, session_count, assigned_admin, card_id, skipped, processing_card) VALUES (709745, '59ad2f49032164.38234451.xad471', 1, 1504522057, null, null, null, 'tanatip1223@gmail.com', 'b2d2bf2fb22b13e1e132681f87c06ada', null, 'THB', 'th', 1504522577, null, null, null, null, null, null, null, null, null, '095090672', null, null, null, null, null, null, null, '095090672', null, null, 0, 1, null, 0, null, 'siamoption.com', null, null, null, '892865978', 'android', '1.47.109.140', null, null, null, null, null, null, null, null, null, 0.00, 'quick', null, 1, null, null, 'googleadwords_int', '892865978', 'null', 'null', 'null', 'null', 0, null, null, 1, null, null, 1, null, 296954, null, false);
INSERT INTO users (id, user_key, active, reg_date, full_name, first_name, last_name, email, password, funds_available, currency, locale, last_seen, birth_date, pp_series, pp_number, pp_date, pp_issuer, reg_address, live_address, scan_path, scan_path2, phone, wallet, email_confirmed, email_confirm_code, pp_uploaded, pp_confirmed, phone_confirmed, phone_confirm_code, phone_uni, fb_id, gg_id, real, daily_mail, comment, status, verify_denial_msg, origin, ref_type, ref_id, ref_user_id, traffic_source, reg_device, reg_ip, profit_percent, mail_number, blocked_till, pp_exp_date, suspicious, full_name_pp, sent_to_approve, formula_percent, approve_date, deb_bonus, reg_scenario, sex, signal_mail, fillup_layout, sub0, sub1, sub2, sub3, sub4, sub5, sub6, verify_notify_cnt, verify_denial_id, mail_sent_date, welcome_sent, bid_limit, offline_pay_account_id, session_count, assigned_admin, card_id, skipped, processing_card) VALUES (709750, '59ad2f74506104.54694066.xad476', 1, 1504522100, null, '', null, 'snookerweerapat@gmail.com', '5d8d15b79a0e3b175a3b466ff639abf4', null, 'THB', 'en', 1504617398, null, null, null, null, null, null, null, null, null, '0954390144', null, null, null, null, null, null, null, '0954390144', null, null, 0, 0, null, 0, null, 'join.siamoption.com/gl2908201710or50', 'admitlead', 'undefined', null, 'google', 'web_desktop', '14.207.80.138', null, null, null, null, null, null, null, null, null, 0.00, null, null, 0, null, 'siam_10or', 'google', 'search_th_keys_d_2017_08_25', 'conversionnye', 't2', 'อีเมล์', '', 31, null, null, 1, null, null, 3, null, 296957, null, false);
INSERT INTO users (id, user_key, active, reg_date, full_name, first_name, last_name, email, password, funds_available, currency, locale, last_seen, birth_date, pp_series, pp_number, pp_date, pp_issuer, reg_address, live_address, scan_path, scan_path2, phone, wallet, email_confirmed, email_confirm_code, pp_uploaded, pp_confirmed, phone_confirmed, phone_confirm_code, phone_uni, fb_id, gg_id, real, daily_mail, comment, status, verify_denial_msg, origin, ref_type, ref_id, ref_user_id, traffic_source, reg_device, reg_ip, profit_percent, mail_number, blocked_till, pp_exp_date, suspicious, full_name_pp, sent_to_approve, formula_percent, approve_date, deb_bonus, reg_scenario, sex, signal_mail, fillup_layout, sub0, sub1, sub2, sub3, sub4, sub5, sub6, verify_notify_cnt, verify_denial_id, mail_sent_date, welcome_sent, bid_limit, offline_pay_account_id, session_count, assigned_admin, card_id, skipped, processing_card) VALUES (709754, '59ad2fcf44be12.48418879.xad47a', 1, 1504522191, null, null, null, 'ball2534@hotmail.com', '080629d1ce9d07313d608483fd3d86f7', null, 'THB', 'th', 1504592212, null, null, null, null, null, null, null, null, null, '0859154621', null, null, null, null, null, null, null, '0859154621', null, null, 0, 0, null, 0, null, 'siamoption.com', null, null, null, '893188995', 'android', '182.232.205.74', null, null, null, null, null, null, null, null, null, 0.00, 'quick', null, 0, null, null, 'googleadwords_int', '893188995', 'null', 'null', 'null', 'null', 0, null, null, 1, null, null, 1, null, 296958, null, false);
INSERT INTO users (id, user_key, active, reg_date, full_name, first_name, last_name, email, password, funds_available, currency, locale, last_seen, birth_date, pp_series, pp_number, pp_date, pp_issuer, reg_address, live_address, scan_path, scan_path2, phone, wallet, email_confirmed, email_confirm_code, pp_uploaded, pp_confirmed, phone_confirmed, phone_confirm_code, phone_uni, fb_id, gg_id, real, daily_mail, comment, status, verify_denial_msg, origin, ref_type, ref_id, ref_user_id, traffic_source, reg_device, reg_ip, profit_percent, mail_number, blocked_till, pp_exp_date, suspicious, full_name_pp, sent_to_approve, formula_percent, approve_date, deb_bonus, reg_scenario, sex, signal_mail, fillup_layout, sub0, sub1, sub2, sub3, sub4, sub5, sub6, verify_notify_cnt, verify_denial_id, mail_sent_date, welcome_sent, bid_limit, offline_pay_account_id, session_count, assigned_admin, card_id, skipped, processing_card) VALUES (709765, '59ad3181dc5a70.14183514.xad485', 1, 1504522625, null, '', null, 'Mynametar009@hotmail.com', 'f93e88dbc3b3a7b6fe4e7e35c78d7d96', null, 'THB', 'th', 1504614689, null, null, null, null, null, null, null, null, null, '0638497090', null, null, null, null, null, null, null, '0638497090', null, null, 0, 0, null, 0, null, 'join.siamoption.com/siam_20d', 'admitlead', 'undefined', null, 'mgid(no Postback) - DS', 'web_mobile', '223.24.17.207', null, null, null, null, null, null, null, null, null, 0.00, null, null, 0, null, 'siam_20d', 'mgid(no Postback) - DS', 'voluum_postback', '54', '2377600', 'c8a13y9myktbl23f', null, 7, null, null, 1, null, 4, 2, null, 296969, null, false);

INSERT INTO users (id, user_key, active, reg_date, full_name, first_name, last_name, email, password, funds_available, currency, locale, last_seen, birth_date, pp_series, pp_number, pp_date, pp_issuer, reg_address, live_address, scan_path, scan_path2, phone, wallet, email_confirmed, email_confirm_code, pp_uploaded, pp_confirmed, phone_confirmed, phone_confirm_code, phone_uni, fb_id, gg_id, real, daily_mail, comment, status, verify_denial_msg, origin, ref_type, ref_id, ref_user_id, traffic_source, reg_device, reg_ip, profit_percent, mail_number, blocked_till, pp_exp_date, suspicious, full_name_pp, sent_to_approve, formula_percent, approve_date, deb_bonus, reg_scenario, sex, signal_mail, fillup_layout, sub0, sub1, sub2, sub3, sub4, sub5, sub6, verify_notify_cnt, verify_denial_id, mail_sent_date, welcome_sent, bid_limit, offline_pay_account_id, session_count, assigned_admin, skipped, card_id, processing_card) VALUES (228136, '58f5d64cc26343.71317490', 1, 1492506188, null, '', null, 'krespo1@mail.ru', '9354315d27687c59b07630976a16d314', null, 'VND', 'vn', 1492507767, null, null, null, null, null, null, null, null, null, '', null, null, null, null, null, null, null, null, null, null, 1, 1, null, 0, null, 'irontrade.com/regbonus', null, null, 228135, 'referal', 'web_desktop', '193.0.201.60', null, null, null, null, null, null, null, null, null, 0.00, null, null, 1, null, 'ref_01', 'referal', '228135', '228136', null, null, null, 10, null, null, 1, null, null, 1, null, null, 150183, false);

INSERT INTO users (id, user_key, active, reg_date, full_name, first_name, last_name, email, password, funds_available, currency, locale, last_seen, birth_date, pp_series, pp_number, pp_date, pp_issuer, reg_address, live_address, scan_path, scan_path2, phone, wallet, email_confirmed, email_confirm_code, pp_uploaded, pp_confirmed, phone_confirmed, phone_confirm_code, phone_uni, fb_id, gg_id, real, daily_mail, comment, status, verify_denial_msg, origin, ref_type, ref_id, ref_user_id, traffic_source, reg_device, reg_ip, profit_percent, mail_number, blocked_till, pp_exp_date, suspicious, full_name_pp, sent_to_approve, formula_percent, approve_date, deb_bonus, reg_scenario, sex, signal_mail, fillup_layout, sub0, sub1, sub2, sub3, sub4, sub5, sub6, verify_notify_cnt, verify_denial_id, mail_sent_date, welcome_sent, bid_limit, offline_pay_account_id, session_count, assigned_admin, skipped, card_id, processing_card) VALUES (153922, '58f5d64cc26343.71317490', 1, 1492506188, null, '', null, 'krespo1@mail.ru', '9354315d27687c59b07630976a16d314', null, 'THB', 'th', 1492507767, null, null, null, null, null, null, null, null, null, '0933060159', '0933060159 ', null, null, null, null, null, null, null, null, null, 1, 1, null, 0, null, 'irontrade.com/regbonus', null, null, 228135, 'referal', 'web_desktop', '193.0.201.60', null, null, null, null, null, null, null, null, null, 0.00, null, null, 1, null, 'ref_01', 'referal', '228135', '228136', null, null, null, 10, null, null, 1, null, null, 1, null, null, 150183, false);

INSERT INTO user_accounts (id, user_id, funds_available, currency, real, op_count, cnt_profit, cnt_loss, cnt_return, sum_profit, sum_loss, saldo) VALUES (264191, 228136, 1023.0000, 'VND', 0, 22, 14, 8, null, 63.0000, -40.0000, 23.0000);
INSERT INTO user_accounts (id, user_id, funds_available, currency, real, op_count, cnt_profit, cnt_loss, cnt_return, sum_profit, sum_loss, saldo) VALUES (264192, 228136, 500.0000, 'VND', 1, null, null, null, null, null, null, null);
-- free customers and their accounts for testing getting next new card
INSERT INTO users (id, user_key, active, reg_date, full_name, first_name, last_name, email, password, funds_available, currency, locale, last_seen, birth_date, pp_series, pp_number, pp_date, pp_issuer, reg_address, live_address, scan_path, scan_path2, phone, wallet, email_confirmed, email_confirm_code, pp_uploaded, pp_confirmed, phone_confirmed, phone_confirm_code, phone_uni, fb_id, gg_id, real, daily_mail, comment, status, verify_denial_msg, origin, ref_type, ref_id, ref_user_id, traffic_source, reg_device, reg_ip, profit_percent, mail_number, blocked_till, pp_exp_date, suspicious, full_name_pp, sent_to_approve, formula_percent, approve_date, deb_bonus, reg_scenario, sex, signal_mail, fillup_layout, sub0, sub1, sub2, sub3, sub4, sub5, sub6, verify_notify_cnt, verify_denial_id, mail_sent_date, welcome_sent, bid_limit, offline_pay_account_id, session_count, assigned_admin, card_id, skipped, processing_card) VALUES (616474, '597885a920e2e2.76965950.x9681a', 1, 1501070761, null, '', null, 'pim.pimprapat.pk@gmail.com', '7a3b71b0ba3f5753f233c9d7c812eed6', null, 'THB', 'th', 1501836352, null, null, null, null, null, null, null, null, null, '0885638710', null, 1, null, null, null, null, null, '0885638710', null, null, 0, 1, null, 0, null, 'join.siamoption.com/siam_40', 'admitlead', 'undefined', null, 'undefined', 'web_mobile', '27.55.160.31', null, 7, null, null, null, null, null, null, null, 0.00, null, null, 1, null, 'siam_40', null, null, null, null, null, null, 16, null, 1502973002, 1, null, null, 1, null, null, null, false);
INSERT INTO users (id, user_key, active, reg_date, full_name, first_name, last_name, email, password, funds_available, currency, locale, last_seen, birth_date, pp_series, pp_number, pp_date, pp_issuer, reg_address, live_address, scan_path, scan_path2, phone, wallet, email_confirmed, email_confirm_code, pp_uploaded, pp_confirmed, phone_confirmed, phone_confirm_code, phone_uni, fb_id, gg_id, real, daily_mail, comment, status, verify_denial_msg, origin, ref_type, ref_id, ref_user_id, traffic_source, reg_device, reg_ip, profit_percent, mail_number, blocked_till, pp_exp_date, suspicious, full_name_pp, sent_to_approve, formula_percent, approve_date, deb_bonus, reg_scenario, sex, signal_mail, fillup_layout, sub0, sub1, sub2, sub3, sub4, sub5, sub6, verify_notify_cnt, verify_denial_id, mail_sent_date, welcome_sent, bid_limit, offline_pay_account_id, session_count, assigned_admin, card_id, skipped, processing_card) VALUES (429366, '592e418c235937.04866115', 1, 1496203660, null, 'ทิพวรรณ', 'จันวิเศษ', 'meow77771@hotmail.com', 'adc5f44508f50dd9ad70bfa26725f422', null, 'THB', 'th', 1503500321, null, null, null, null, null, null, null, null, null, '0943202560', null, null, '75086', null, null, 1, '92115', '0943202560', null, null, 0, 0, null, 0, null, 'join.siamoption.com/siam_40', 'admitlead', 'undefined', null, 'facebook', 'web_mobile', '1.46.175.167', null, null, null, null, null, null, null, null, null, 0.00, null, null, 0, null, 'siam_40', 'facebook', 'conv_2017_05_19', 'mx_rt_ap_al_18_65', 'i_banknote_new', null, null, 9, null, null, 1, null, 4, 4, null, null, null, false);

INSERT INTO users (id, user_key, active, reg_date, full_name, first_name, last_name, email, password, funds_available, currency, locale, last_seen, birth_date, pp_series, pp_number, pp_date, pp_issuer, reg_address, live_address, scan_path, scan_path2, phone, wallet, email_confirmed, email_confirm_code, pp_uploaded, pp_confirmed, phone_confirmed, phone_confirm_code, phone_uni, fb_id, gg_id, real, daily_mail, comment, status, verify_denial_msg, origin, ref_type, ref_id, ref_user_id, traffic_source, reg_device, reg_ip, profit_percent, mail_number, blocked_till, pp_exp_date, suspicious, full_name_pp, sent_to_approve, formula_percent, approve_date, deb_bonus, reg_scenario, sex, signal_mail, fillup_layout, sub0, sub1, sub2, sub3, sub4, sub5, sub6, verify_notify_cnt, verify_denial_id, mail_sent_date, welcome_sent, bid_limit, offline_pay_account_id, session_count, assigned_admin, card_id, skipped, processing_card) VALUES (715111, '59afc6b16774f3.70758514.xae967', 1, 1504691889, null, 'ธนทัต', 'พ่อเกษ', 'tanatad3035@gmail.com', 'e02bc83deb941aef54009df738562dd4', null, 'THB', 'th', 1506233237, '23/04/1972', null, '3480700106511', '27/05/2013', 'กรมการปกครอง', '118 หมู่ที่ 10 ต.กุรุคุ อ.เมือง จ.นครพนม', '118 หมู่ที่ 10 ต.กุรุคุ อ.เมือง จ.นครพนม', '/upload/passports/t/P/59afc6b16774f3.70758514.xae967_1.jpg', null, '0809199103', null, 1, '62662', 1, 0, 1, '89164', '0809199103', null, null, 1, 1, '', 2, null, 'siamoption.com', null, null, null, 'null', 'android', '223.24.166.228', null, 7, null, '22/04/2022', null, 'Thanathat Phoket', 1504692688, null, 1504694899, 0.00, 'quick', 2, 1, null, null, 'null', 'null', 'null', 'null', 'null', 'null', 3, null, 1505813421, 1, null, 5, 1, 73, 298446, null, false);

INSERT INTO users (id, user_key, active, reg_date, full_name, first_name, last_name, email, password, funds_available, currency, locale, last_seen, birth_date, pp_series, pp_number, pp_date, pp_issuer, reg_address, live_address, scan_path, scan_path2, phone, wallet, email_confirmed, email_confirm_code, pp_uploaded, pp_confirmed, phone_confirmed, phone_confirm_code, phone_uni, fb_id, gg_id, real, daily_mail, comment, status, verify_denial_msg, origin, ref_type, ref_id, ref_user_id, traffic_source, reg_device, reg_ip, profit_percent, mail_number, blocked_till, pp_exp_date, suspicious, full_name_pp, sent_to_approve, formula_percent, approve_date, deb_bonus, reg_scenario, sex, signal_mail, fillup_layout, sub0, sub1, sub2, sub3, sub4, sub5, sub6, verify_notify_cnt, verify_denial_id, mail_sent_date, welcome_sent, bid_limit, offline_pay_account_id, session_count, assigned_admin, card_id, skipped, processing_card) VALUES (722760, '59b38025382610.07768854.xb0748', 1, 1504935973, null, 'อมเรศ', 'แสงสว่าง', 'ammaret208@gmail.com', 'bd56462396f08c79b18a6aab0dad6528', null, 'THB', 'th', 1505921344, '20/09/1992', null, '1730200195354', '01/05/2017', 'กระทรวงมหาดไทย', '1 หมู่15 ต.ทุ่งคอก อ.สองพี่น้อง จ.สุพรรณบุรี 72110', '1 หมู่15 ต.ทุ่งคอก อ.สองพี่น้อง จ.สุพรรณบุรี 72110', '/upload/passports/F/b/59b38025382610.07768854.xb0748_1.jpg', null, '0811957017', null, 1, null, 1, 0, 1, '13812', '0811957017', null, null, 1, 1, '', 2, null, 'join.siamoption.com/siam_10or', 'admitlead', 'undefined', null, 'google', 'web_desktop', '171.100.86.94', null, 7, null, '19/09/2025', null, 'Amaret Saengsawang', 1504940525, null, 1504943232, 0.00, null, 2, 1, null, 'siam_10or', 'google', 'search_th_keys_green_d_2017_08_28', 'green_keys', 't2_2017_08_28', 'วิธี การ เล่น หุ้น', '', 18, null, 1506144628, 1, null, 1, 7, 23, 303471, null, false);
INSERT INTO users (id, user_key, active, reg_date, full_name, first_name, last_name, email, password, funds_available, currency, locale, last_seen, birth_date, pp_series, pp_number, pp_date, pp_issuer, reg_address, live_address, scan_path, scan_path2, phone, wallet, email_confirmed, email_confirm_code, pp_uploaded, pp_confirmed, phone_confirmed, phone_confirm_code, phone_uni, fb_id, gg_id, real, daily_mail, comment, status, verify_denial_msg, origin, ref_type, ref_id, ref_user_id, traffic_source, reg_device, reg_ip, profit_percent, mail_number, blocked_till, pp_exp_date, suspicious, full_name_pp, sent_to_approve, formula_percent, approve_date, deb_bonus, reg_scenario, sex, signal_mail, fillup_layout, sub0, sub1, sub2, sub3, sub4, sub5, sub6, verify_notify_cnt, verify_denial_id, mail_sent_date, welcome_sent, bid_limit, offline_pay_account_id, session_count, assigned_admin, card_id, skipped, processing_card) VALUES (722823, '59b3879183d223.41046552.xb0787', 1, 1504937873, null, 'Nutthawee', 'Authong', 'Nut_pim8@hotmail.com', '843c47470abeef18001a7763b3cc3413', null, 'THB', 'th', 1504975036, '15/09/1991', null, '1139900106994', '17/03/2015', 'กรมการปกครอง', '39/34ม.5ต.คูขวางอ.ลาดหลุมแก้วจ.ปทุมธานี12140', '39/34ม.5ต.คูขวางอ.ลาดหลุมแก้วจ.ปทุมธานี12140', '/upload/passports/l/E/59b3879183d223.41046552.xb0787_1.jpg', null, '0824262842', null, 1, '28563', 1, 0, 1, '28129', '0824262842', null, null, 1, 1, '', 2, null, 'siamoption.com', null, null, null, null, 'ios', '1.47.13.128', null, 5, null, '14/09/2023', null, 'Nutthawee Uthong', 1504968156, null, 1504968990, 0.00, 'quick', 1, 1, null, null, null, null, null, null, null, null, 5, 1, 1506148227, 1, null, 1, 2, 73, 303403, null, false);
INSERT INTO users (id, user_key, active, reg_date, full_name, first_name, last_name, email, password, funds_available, currency, locale, last_seen, birth_date, pp_series, pp_number, pp_date, pp_issuer, reg_address, live_address, scan_path, scan_path2, phone, wallet, email_confirmed, email_confirm_code, pp_uploaded, pp_confirmed, phone_confirmed, phone_confirm_code, phone_uni, fb_id, gg_id, real, daily_mail, comment, status, verify_denial_msg, origin, ref_type, ref_id, ref_user_id, traffic_source, reg_device, reg_ip, profit_percent, mail_number, blocked_till, pp_exp_date, suspicious, full_name_pp, sent_to_approve, formula_percent, approve_date, deb_bonus, reg_scenario, sex, signal_mail, fillup_layout, sub0, sub1, sub2, sub3, sub4, sub5, sub6, verify_notify_cnt, verify_denial_id, mail_sent_date, welcome_sent, bid_limit, offline_pay_account_id, session_count, assigned_admin, card_id, skipped, processing_card) VALUES (722833, '59b388b8e11244.26251347.xb0791', 1, 1504938168, null, 'Nabhassabhorn', 'Changyom', 'pem0858751323@hotmail.com', '20ff6b5d02d5e07296874ab69307ad2b', null, 'THB', 'th', 1505329521, '29/05/1996', null, '1609900360390', '19/02/2014', 'นายศิริพงษ์ ห่านตระกูล', '84/134 ม.13 ต.วัดไทร อ.เมือง จ.นครสวรรค์ 60000', '84/134 ม.13 ต.วัดไทร อ.เมือง จ.นครสวรรค์ 60000', '/upload/passports/t/F/59b388b8e11244.26251347.xb0791_1.jpg', null, '0933266154', null, 1, '45418', 1, 0, 1, '98173', '0933266154', null, null, 1, 1, '', 2, null, 'siamoption.com', null, null, null, null, 'ios', '182.232.199.99', null, 7, null, '28/05/2022', null, 'Nabhassabhorn Changyom', 1504940480, null, 1504943239, 0.00, 'quick', 1, 1, null, null, null, null, null, null, null, null, 17, null, 1506061828, 1, null, 5, 1, 71, 303387, null, false);
INSERT INTO users (id, user_key, active, reg_date, full_name, first_name, last_name, email, password, funds_available, currency, locale, last_seen, birth_date, pp_series, pp_number, pp_date, pp_issuer, reg_address, live_address, scan_path, scan_path2, phone, wallet, email_confirmed, email_confirm_code, pp_uploaded, pp_confirmed, phone_confirmed, phone_confirm_code, phone_uni, fb_id, gg_id, real, daily_mail, comment, status, verify_denial_msg, origin, ref_type, ref_id, ref_user_id, traffic_source, reg_device, reg_ip, profit_percent, mail_number, blocked_till, pp_exp_date, suspicious, full_name_pp, sent_to_approve, formula_percent, approve_date, deb_bonus, reg_scenario, sex, signal_mail, fillup_layout, sub0, sub1, sub2, sub3, sub4, sub5, sub6, verify_notify_cnt, verify_denial_id, mail_sent_date, welcome_sent, bid_limit, offline_pay_account_id, session_count, assigned_admin, card_id, skipped, processing_card) VALUES (722886, '59b38d945ea509.64408263.xb07c6', 1, 1504939412, null, 'น.ส.วิภาดา', 'แจ่มทิม', 'Wiphada781000@gmail.com', '71354a38ede7749009d0c97388798917', null, 'THB', 'th', 1505834370, '17/08/1992', null, '1650500080812', '11/05/2016', 'พรหมพิราม', '3 ม.10 ต.ดงประคำ อ.พรหมพิราม จ.พิษณุโลก', '3 ม.10 ต.ดงประคำ อ.พรหมพิราม จ.พิษณุโลก', '/upload/passports/U/r/59b38d945ea509.64408263.xb07c6_1.jpg', null, '0618010595', null, 1, '57139', 1, 0, 1, '63923', '0618010595', null, null, 0, 1, '', 2, null, 'join.siamoption.com/siam_20d', 'admitlead', 'undefined', null, 'mgid(no Postback) - DS', 'web_mobile', '1.47.194.245', null, 7, null, '16/08/2024', null, 'Wiphada Chaemthim', 1505834309, null, 1505840536, 0.00, null, 1, 1, null, 'siam_20d', 'mgid(no Postback) - DS', 'voluum_postback', '54', '2377600', '204a34ka5wf3y8e9', null, 21, 1, 1506061835, 1, null, 1, 3, 70, 306830, null, false);

INSERT INTO users (id, user_key, active, reg_date, full_name, first_name, last_name, email, password, funds_available, currency, locale, last_seen, birth_date, pp_series, pp_number, pp_date, pp_issuer, reg_address, live_address, scan_path, scan_path2, phone, wallet, email_confirmed, email_confirm_code, pp_uploaded, pp_confirmed, phone_confirmed, phone_confirm_code, phone_uni, fb_id, gg_id, real, daily_mail, comment, status, verify_denial_msg, origin, ref_type, ref_id, ref_user_id, traffic_source, reg_device, reg_ip, profit_percent, mail_number, blocked_till, pp_exp_date, suspicious, full_name_pp, sent_to_approve, formula_percent, approve_date, deb_bonus, reg_scenario, sex, signal_mail, fillup_layout, sub0, sub1, sub2, sub3, sub4, sub5, sub6, verify_notify_cnt, verify_denial_id, mail_sent_date, welcome_sent, bid_limit, offline_pay_account_id, session_count, assigned_admin, card_id, skipped, processing_card) VALUES (767502, '59cbc7ef3ac209.23320411.xbb60e', 1, 1506527215, null, null, null, 'doytou@gmail.com', '5c4a604fab2032480f692c8eba8a3543', null, 'THB', 'th', 1506527613, null, null, null, null, null, null, null, null, null, '0918676701', null, null, null, null, null, null, null, '0918676701', null, null, 0, 1, null, 0, null, 'siamoption.com', null, null, null, 'APP_android_images_1pr_1-2dep_06_09', 'android', '192.168.113.51', null, null, null, null, null, null, null, null, null, 0.00, 'quick', null, 1, null, null, 'Facebook Ads', 'APP_android_images_1pr_1-2dep_06_09', 'null', 'null', 'null', 'null', 0, null, null, 1, null, null, 1, null, null, null, false);

INSERT INTO user_accounts (id, user_id, funds_available, currency, real, op_count, cnt_profit, cnt_loss, cnt_return, sum_profit, sum_loss, saldo) VALUES (878089, 715111, 60545.0000, 'THB', 0, 28, 20, 7, 1, 85545.0000, -35000.0000, 50545.0000);
INSERT INTO user_accounts (id, user_id, funds_available, currency, real, op_count, cnt_profit, cnt_loss, cnt_return, sum_profit, sum_loss, saldo) VALUES (884423, 715111, 17.5000, 'THB', 1, 25, 12, 13, null, 517.5000, -1300.0000, -782.5000);

INSERT INTO user_accounts (id, user_id, funds_available, currency, real, op_count, cnt_profit, cnt_loss, cnt_return, sum_profit, sum_loss, saldo) VALUES (525652, 429366, 9225.0000, 'THB', 0, 109, 45, 56, 8, 2025.0000, -2800.0000, -775.0000);
INSERT INTO user_accounts (id, user_id, funds_available, currency, real, op_count, cnt_profit, cnt_loss, cnt_return, sum_profit, sum_loss, saldo) VALUES (770320, 616474, 10440.0000, 'THB', 0, 14, 12, 2, null, 540.0000, -100.0000, 440.0000);
INSERT INTO user_accounts (id, user_id, funds_available, currency, real, op_count, cnt_profit, cnt_loss, cnt_return, sum_profit, sum_loss, saldo) VALUES (767502, 613881, 3000.0000, 'THB', 0, 11, 4, 7, null, 18000.0000, -35000.0000, -17000.0000);

INSERT INTO users (id, user_key, active, reg_date, full_name, first_name, last_name, email, password, funds_available, currency, locale, last_seen, birth_date, pp_series, pp_number, pp_date, pp_issuer, reg_address, live_address, scan_path, scan_path2, phone, wallet, email_confirmed, email_confirm_code, pp_uploaded, pp_confirmed, phone_confirmed, phone_confirm_code, phone_uni, fb_id, gg_id, real, daily_mail, comment, status, verify_denial_msg, origin, ref_type, ref_id, ref_user_id, traffic_source, reg_device, reg_ip, profit_percent, mail_number, blocked_till, pp_exp_date, suspicious, full_name_pp, sent_to_approve, formula_percent, approve_date, deb_bonus, reg_scenario, sex, signal_mail, fillup_layout, sub0, sub1, sub2, sub3, sub4, sub5, sub6, verify_notify_cnt, verify_denial_id, mail_sent_date, welcome_sent, bid_limit, offline_pay_account_id, session_count, assigned_admin, card_id, skipped, processing_card) VALUES (329109, '58fc8ace7ba1b0.77458739', 1, 1492945614, null, 'ประภารัตน์ฎา', 'เปลี่ยนกุล', 'greennut.penut@gmail.com', 'c97ab5f3459785aa28d2b6f9cf49e17b', null, 'THB', 'th', 1507834330, '17/04/1985', null, '1249900031322', '18/02/2016', 'อ.เมืองฉะเชิงเทรา', '43/2 ม.2ต.คลองนา อ.เมืองฉะเชิงเทรา24000', 'บ้านเลขที่ 5 ซ.เลียบฯฝั่งเหนือ 22 แยก 6', '/upload/passports/5/8/58fc8ace7ba1b0.77458739_1.jpg', null, '0842058746', null, 1, '13024', 1, 0, 1, '65091', '0842058746', null, null, 1, 1, '', 2, null, 'join.siamoption.com/gl170417c', 'admitlead', 'undefined', null, 'google', 'web_mobile', '192.168.132.180', null, 7, null, '16/04/2024', null, 'Prapharatda Pleankul', 1495449996, null, 1495450146, 0.00, null, 1, 1, null, 'siam_11', 'google', 'search_th_keys_m_2017_02_17', 'conversionnye', 't1', 'เทรด หุ้น', 'null', 3, 1, 1494070229, 1, null, 3, 4, 20, 150182, null, false);

INSERT INTO user_accounts (id, user_id, funds_available, currency, real, op_count, cnt_profit, cnt_loss, cnt_return, sum_profit, sum_loss, saldo) VALUES (393887, 329109, 13500.0000, 'THB', 0, 965, 470, 454, 41, 6572582.1000, -7704811.0000, -1132228.9000);
INSERT INTO user_accounts (id, user_id, funds_available, currency, real, op_count, cnt_profit, cnt_loss, cnt_return, sum_profit, sum_loss, saldo) VALUES (408426, 329109, 0.6500, 'THB', 1, 2188, 1078, 1030, 80, 58231.6500, -67421.0000, -9189.3500);

-- customers attached to fired seller cards
INSERT INTO users (id, user_key, active, reg_date, full_name, first_name, last_name, email, password, funds_available, currency, locale, last_seen, birth_date, pp_series, pp_number, pp_date, pp_issuer, reg_address, live_address, scan_path, scan_path2, phone, wallet, email_confirmed, email_confirm_code, pp_uploaded, pp_confirmed, phone_confirmed, phone_confirm_code, phone_uni, fb_id, gg_id, real, daily_mail, comment, status, verify_denial_msg, origin, ref_type, ref_id, ref_user_id, traffic_source, reg_device, reg_ip, profit_percent, mail_number, blocked_till, pp_exp_date, suspicious, full_name_pp, sent_to_approve, formula_percent, approve_date, deb_bonus, reg_scenario, sex, signal_mail, fillup_layout, sub0, sub1, sub2, sub3, sub4, sub5, sub6, verify_notify_cnt, verify_denial_id, mail_sent_date, welcome_sent, bid_limit, offline_pay_account_id, session_count, assigned_admin, card_id, skipped, processing_card) VALUES (136519, '588cb96bdff056.22587630', 1, 1485617515, null, null, null, 'pornpimol002527@gmail.com', '62cfa10d19de22970d6ed6674c70ae39', null, 'THB', 'th', 1485788977, null, null, null, null, null, null, null, null, null, '0953270164', null, null, null, null, null, null, null, '0953270164', null, null, 0, 1, null, 0, null, 'join.siamoption.com/gl081216c', 'admitlead', 'undefined', null, 'undefined', 'web_mobile', '122.155.35.12', null, null, null, null, null, null, null, null, null, 0.00, null, null, 1, null, 'siam_05', 'google', 'kms_th_keys_2016_12_15', 'conv_kluchi_content', 'a1', 'วิธีสมัครเล่นหุ้น', 'mobileapp::2-com.smarter.superpocket', 17, null, null, 1, null, null, 0, null, 68706, null, false);
INSERT INTO users (id, user_key, active, reg_date, full_name, first_name, last_name, email, password, funds_available, currency, locale, last_seen, birth_date, pp_series, pp_number, pp_date, pp_issuer, reg_address, live_address, scan_path, scan_path2, phone, wallet, email_confirmed, email_confirm_code, pp_uploaded, pp_confirmed, phone_confirmed, phone_confirm_code, phone_uni, fb_id, gg_id, real, daily_mail, comment, status, verify_denial_msg, origin, ref_type, ref_id, ref_user_id, traffic_source, reg_device, reg_ip, profit_percent, mail_number, blocked_till, pp_exp_date, suspicious, full_name_pp, sent_to_approve, formula_percent, approve_date, deb_bonus, reg_scenario, sex, signal_mail, fillup_layout, sub0, sub1, sub2, sub3, sub4, sub5, sub6, verify_notify_cnt, verify_denial_id, mail_sent_date, welcome_sent, bid_limit, offline_pay_account_id, session_count, assigned_admin, card_id, skipped, processing_card) VALUES (203193, '58bbb2d7c1bdb5.67158458', 1, 1488696023, null, 'Tiwaporn', 'Sakundee', 'Sakundee_siri@hotmail.com', 'f7a309848373d7f575116ec1a87d6ec3', null, 'THB', 'th', 1488977522, '05/12/1992', null, '1909800675434', '02/11/2015', 'Songkhla', '140 m.3 Thachang ,Bangkham', '140 m.3 Thachang ,Bangkham', null, null, '0896552160', null, 1, '60304', 0, 0, 1, '56303', '0896552160', null, null, 1, 1, null, 3, 'การตรวจสอบบัญชีไม่สำเร็จ เนื่องจากไม่สามารถตรวจสอบบัตรประชาชนได้ บัตรประชาชนคุณต้องเป็นภาพสีเท่านั้น กรุณาส่งภาพบัตรประชาชนอีกครั้งค่ะ กรุณาส่งอีกครั้งหรือติดต่อ support_th@siamoption.com หรือ โทร 021500591 (จันทร์ - ศุกร์ 09:00-18:00)', 'join.siamoption.com/gl081216c', 'admitlead', 'undefined', null, 'google', 'web_mobile', '1.46.237.202', null, 7, null, '04/12/2023', null, null, null, null, null, 0.00, null, null, 1, null, 'siam_05', 'google', 'kms_themes_2016_12_15', 'malyi_biznes_b', '300x250', 'money', 'www.jobbkk.com', 6, 8, 1490164221, 1, null, 2, 0, null, 93103, null, false);
INSERT INTO users (id, user_key, active, reg_date, full_name, first_name, last_name, email, password, funds_available, currency, locale, last_seen, birth_date, pp_series, pp_number, pp_date, pp_issuer, reg_address, live_address, scan_path, scan_path2, phone, wallet, email_confirmed, email_confirm_code, pp_uploaded, pp_confirmed, phone_confirmed, phone_confirm_code, phone_uni, fb_id, gg_id, real, daily_mail, comment, status, verify_denial_msg, origin, ref_type, ref_id, ref_user_id, traffic_source, reg_device, reg_ip, profit_percent, mail_number, blocked_till, pp_exp_date, suspicious, full_name_pp, sent_to_approve, formula_percent, approve_date, deb_bonus, reg_scenario, sex, signal_mail, fillup_layout, sub0, sub1, sub2, sub3, sub4, sub5, sub6, verify_notify_cnt, verify_denial_id, mail_sent_date, welcome_sent, bid_limit, offline_pay_account_id, session_count, assigned_admin, card_id, skipped, processing_card) VALUES (204447, '58bccd7aabff05.78948405', 1, 1488768378, null, 'ธนชัย', 'จันทะคาม', 'siamoption.thanachai.1@gmail.com', '10eac2329a97c8eafb9205f84e7025bb', null, 'THB', 'th', 1508118915, null, '', '', null, '', '', '', null, null, '0648565821', null, 1, '95055', 0, 0, 1, '49456', '0648565821', null, null, 0, 0, null, 0, null, 'siamoption.com', null, null, null, 'organicmain', 'web_desktop', '223.205.15.46', null, null, null, null, null, null, null, null, null, 0.00, null, null, 0, null, null, null, null, null, null, null, null, 1195, null, null, 0, null, 3, 206, null, 88835, null, false);

INSERT INTO user_accounts (id, user_id, funds_available, currency, real, op_count, cnt_profit, cnt_loss, cnt_return, sum_profit, sum_loss, saldo) VALUES (145164, 136519, 10190.0000, 'THB', 0, 19, 12, 7, null, 540.0000, -350.0000, 190.0000);
INSERT INTO user_accounts (id, user_id, funds_available, currency, real, op_count, cnt_profit, cnt_loss, cnt_return, sum_profit, sum_loss, saldo) VALUES (233248, 203193, 9850.0000, 'THB', 0, 3, 1, 2, null, 900.0000, -1050.0000, -150.0000);
INSERT INTO user_accounts (id, user_id, funds_available, currency, real, op_count, cnt_profit, cnt_loss, cnt_return, sum_profit, sum_loss, saldo) VALUES (239907, 203193, 30.0000, 'THB', 1, 12, 2, 9, 1, 80.0000, -450.0000, -370.0000);
INSERT INTO user_accounts (id, user_id, funds_available, currency, real, op_count, cnt_profit, cnt_loss, cnt_return, sum_profit, sum_loss, saldo) VALUES (234777, 204447, 125918.9000, 'THB', 0, 537, 266, 241, 30, 343454.4000, -287445.0000, 56009.4000);

-- for check customer statistics tab
INSERT INTO user_accounts (id, user_id, funds_available, currency, real, op_count, cnt_profit, cnt_loss, cnt_return, sum_profit, sum_loss, saldo) VALUES (384105, 321746, 7355.0000, 'THB', 0, 53, 28, 24, 1, 12555.0000, -15200.0000, -2645.0000);
INSERT INTO user_accounts (id, user_id, funds_available, currency, real, op_count, cnt_profit, cnt_loss, cnt_return, sum_profit, sum_loss, saldo) VALUES (384106, 321746, 0.0000, 'THB', 1, 462, 211, 233, 18, 51878.0000, -70878.0000, -19000.0000);

-- user with currency HKD
INSERT INTO users (id, user_key, active, reg_date, full_name, first_name, last_name, email, password, funds_available, currency, locale, last_seen, birth_date, pp_series, pp_number, pp_date, pp_issuer, reg_address, live_address, scan_path, scan_path2, phone, wallet, email_confirmed, email_confirm_code, pp_uploaded, pp_confirmed, phone_confirmed, phone_confirm_code, phone_uni, fb_id, gg_id, real, daily_mail, comment, status, verify_denial_msg, origin, ref_type, ref_id, ref_user_id, traffic_source, reg_device, reg_ip, profit_percent, mail_number, blocked_till, pp_exp_date, suspicious, full_name_pp, sent_to_approve, formula_percent, approve_date, deb_bonus, reg_scenario, sex, signal_mail, fillup_layout, sub0, sub1, sub2, sub3, sub4, sub5, sub6, verify_notify_cnt, verify_denial_id, mail_sent_date, welcome_sent, bid_limit, offline_pay_account_id, session_count, assigned_admin, skipped, card_id, processing_card) VALUES (428078, '59f88e45c69cc1.64435964.x6882e', 1, 1509461573, null, null, null, 'lomotosmarife@yahoo.com', '3dc5bb1b6a9cf0d2ac78ff00fdd22147', null, 'HKD', 'en', 1509462121, null, null, null, null, null, null, null, null, null, '91783509', null, null, null, null, null, null, null, '091783509', null, null, 0, 1, null, 0, null, 'irontrade.com', null, null, null, 'PH_APP-android_imagesf_11_10', 'android', '49.130.128.224', null, null, null, null, null, null, null, null, null, 0, 'quick', null, 1, null, null, 'Facebook Ads', 'PH_APP-android_imagesf_11_10', 'null', 'null', 'null', 'null', 0, null, null, 0, null, 2, 1, null, null, null, false);
INSERT INTO user_accounts (id, user_id, funds_available, currency, real, op_count, cnt_profit, cnt_loss, cnt_return, sum_profit, sum_loss, saldo) VALUES (470241, 428078, 10000.0000, 'HKD', 0, null, null, null, null, null, null, null);

INSERT INTO users (id, user_key, active, reg_date, full_name, first_name, last_name, email, password, funds_available, currency, locale, last_seen, birth_date, pp_series, pp_number, pp_date, pp_issuer, reg_address, live_address, scan_path, scan_path2, phone, wallet, email_confirmed, email_confirm_code, pp_uploaded, pp_confirmed, phone_confirmed, phone_confirm_code, phone_uni, real, daily_mail, comment, status, verify_denial_msg, origin, ref_type, ref_id, ref_user_id, traffic_source, reg_device, reg_ip, profit_percent, mail_number, blocked_till, pp_exp_date, suspicious, full_name_pp, sent_to_approve, formula_percent, approve_date, deb_bonus, reg_scenario, sex, signal_mail, fillup_layout, sub0, sub1, sub2, sub3, sub4, sub5, sub6, verify_notify_cnt, verify_denial_id, mail_sent_date, welcome_sent, bid_limit, offline_pay_account_id, session_count, assigned_admin, card_id, skipped, processing_card, atm_pay_account_id, citizenship, reset_password, mailganer_verified, sub7, sub8, sub9, pp_type)
VALUES (333460, '58fec47ec68536.15933082', 1, 1493091454, null, 'Warussakorn', 'Hongaum', 'Warussakorn@gmail.com', 'e25a1a6fd048459675a79a4ded256f87', null, 'THB', 'th', 1493825167, '07/09/1989', null, '1100600244374', '15/09/2011', 'อำเภอพัฒนานิคม', '187 ม.5 ต.ช่องสาริกา อ.พัฒนานิคม จ.ลพบุรี ', '187 ม.5 ต.ช่องสาริกา อ.พัฒนานิคม จ.ลพบุรี ', '/upload/passports/5/8/58fec47ec68536.15933082_1.jpg', null, '0615210884', null, 1, '87451', 1, 0, 1, '16036', '0615210884', 1, 1, '', 2, null, 'join.siamoption.com/gl170417c', 'admitlead', 'undefined', null, 'google', 'web_mobile', '49.48.250.29', null, 7, null, '06/09/2020', null, 'Warussakorn Hongaum', 1493095740, null, 1493114550, 0.00, null, 1, 1, null, 'siam_10or', 'google', 'search_th_keys_m_2017_02_17', 'obschie', 't1', 'สร้างเงินออนไลน์', '', 5, null, 1494214257, 1, null, 2, 5, 27, 148077, null, false, null, null, 0, null, null, null, null, null);

INSERT INTO user_accounts (id, user_id, funds_available, currency, real, op_count, cnt_profit, cnt_loss, cnt_return, sum_profit, sum_loss, saldo) VALUES (470242, 333460, 10000.0000, 'THB', 0, null, null, null, null, null, null, null);
INSERT INTO user_accounts (id, user_id, funds_available, currency, real, op_count, cnt_profit, cnt_loss, cnt_return, sum_profit, sum_loss, saldo) VALUES (470243, 703893, 10000.0000, 'THB', 0, null, null, null, null, null, null, null);
INSERT INTO user_accounts (id, user_id, funds_available, currency, real, op_count, cnt_profit, cnt_loss, cnt_return, sum_profit, sum_loss, saldo) VALUES (470244, 333460, 10000.0000, 'THB', 1, null, null, null, null, null, null, null);
INSERT INTO user_accounts (id, user_id, funds_available, currency, real, op_count, cnt_profit, cnt_loss, cnt_return, sum_profit, sum_loss, saldo) VALUES (470245, 703293, 10000.0000, 'THB', 1, null, null, null, null, null, null, null);
INSERT INTO user_accounts (id, user_id, funds_available, currency, real, op_count, cnt_profit, cnt_loss, cnt_return, sum_profit, sum_loss, saldo) VALUES (470246, 703293, 10000.0000, 'THB', 0, null, null, null, null, null, null, null);


-- operations of user_id 321746
INSERT INTO operations (id, user_id, account_id, stock, open_time, close_time, open_value, op_interval, op_type, diff, amount, profit, real, balance, profit_percent, source, time_lag, balance_close, close_microtime) VALUES (119230615, 321746, 384106, 'EURUSD', 1502891064, 1502891124, 1.16983000, 60, 1, -0.00001000, 178.0000, -178.0000, 1, 0.00000000, 80, 'android', 0.00, 0.00000000, 1502891131.82900000);
INSERT INTO operations (id, user_id, account_id, stock, open_time, close_time, open_value, op_interval, op_type, diff, amount, profit, real, balance, profit_percent, source, time_lag, balance_close, close_microtime) VALUES (119229367, 321746, 384106, 'EURUSD', 1502890964, 1502890994, 1.16978500, 30, 2, 0.00005500, 200.0000, -200.0000, 1, 178.00000000, 80, 'android', 0.00, 178.00000000, 1502890994.99310000);
INSERT INTO operations (id, user_id, account_id, stock, open_time, close_time, open_value, op_interval, op_type, diff, amount, profit, real, balance, profit_percent, source, time_lag, balance_close, close_microtime) VALUES (119228895, 321746, 384106, 'EURUSD', 1502890916, 1502890946, 1.16993500, 30, 2, -0.00005500, 200.0000, 160.0000, 1, 18.00000000, 80, 'android', 0.00, 378.00000000, 1502890954.59900000);
INSERT INTO operations (id, user_id, account_id, stock, open_time, close_time, open_value, op_interval, op_type, diff, amount, profit, real, balance, profit_percent, source, time_lag, balance_close, close_microtime) VALUES (119228021, 321746, 384106, 'EURUSD', 1502890829, 1502890859, 1.16947000, 30, 2, 0.00001500, 500.0000, -500.0000, 1, 218.00000000, 80, 'android', 0.00, 218.00000000, 1502890859.76990000);
INSERT INTO operations (id, user_id, account_id, stock, open_time, close_time, open_value, op_interval, op_type, diff, amount, profit, real, balance, profit_percent, source, time_lag, balance_close, close_microtime) VALUES (119227080, 321746, 384106, 'EURUSD', 1502890728, 1502890758, 1.16938000, 30, 2, 0.00005500, 200.0000, -200.0000, 1, 718.00000000, 80, 'android', 0.00, 718.00000000, 1502890759.52210000);
INSERT INTO operations (id, user_id, account_id, stock, open_time, close_time, open_value, op_interval, op_type, diff, amount, profit, real, balance, profit_percent, source, time_lag, balance_close, close_microtime) VALUES (119226287, 321746, 384106, 'EURUSD', 1502890637, 1502890667, 1.16967000, 30, 2, 0.00001500, 200.0000, -200.0000, 1, 828.00000000, 80, 'android', 0.00, 918.00000000, 1502890677.45660000);
INSERT INTO operations (id, user_id, account_id, stock, open_time, close_time, open_value, op_interval, op_type, diff, amount, profit, real, balance, profit_percent, source, time_lag, balance_close, close_microtime) VALUES (119226050, 321746, 384106, 'EURUSD', 1502890605, 1502890635, 1.16977500, 30, 2, -0.00012500, 50.0000, 40.0000, 1, 1028.00000000, 80, 'android', 0.00, 918.00000000, 1502890638.44870000);
INSERT INTO operations (id, user_id, account_id, stock, open_time, close_time, open_value, op_interval, op_type, diff, amount, profit, real, balance, profit_percent, source, time_lag, balance_close, close_microtime) VALUES (119225499, 321746, 384106, 'EURUSD', 1502890541, 1502890571, 1.16975500, 30, 2, 0.00010000, 50.0000, -50.0000, 1, 1078.00000000, 80, 'android', 0.00, 1078.00000000, 1502890572.16130000);
INSERT INTO operations (id, user_id, account_id, stock, open_time, close_time, open_value, op_interval, op_type, diff, amount, profit, real, balance, profit_percent, source, time_lag, balance_close, close_microtime) VALUES (118321043, 321746, 384106, 'EURUSD', 1502734320, 1502734620, 1.17753500, 300, 1, 0.00025000, 50.0000, 40.0000, 1, 1038.00000000, 80, 'android', 0.00, 1128.00000000, 1502734620.87790000);
INSERT INTO operations (id, user_id, account_id, stock, open_time, close_time, open_value, op_interval, op_type, diff, amount, profit, real, balance, profit_percent, source, time_lag, balance_close, close_microtime) VALUES (118320278, 321746, 384106, 'EURUSD', 1502734148, 1502734178, 1.17765500, 30, 2, -0.00004500, 600.0000, 480.0000, 1, 8.00000000, 80, 'android', 0.00, 1088.00000000, 1502734185.76610000);
INSERT INTO operations (id, user_id, account_id, stock, open_time, close_time, open_value, op_interval, op_type, diff, amount, profit, real, balance, profit_percent, source, time_lag, balance_close, close_microtime) VALUES (118319509, 321746, 384106, 'EURUSD', 1502734010, 1502734070, 1.17760500, 60, 2, 0.00013000, 500.0000, -500.0000, 1, 608.00000000, 80, 'android', 0.00, 608.00000000, 1502734071.36500000);
INSERT INTO operations (id, user_id, account_id, stock, open_time, close_time, open_value, op_interval, op_type, diff, amount, profit, real, balance, profit_percent, source, time_lag, balance_close, close_microtime) VALUES (118318251, 321746, 384106, 'EURUSD', 1502733811, 1502733841, 1.17790000, 30, 1, -0.00007500, 300.0000, -300.0000, 1, 1108.00000000, 80, 'android', 0.00, 1108.00000000, 1502733845.40300000);
INSERT INTO operations (id, user_id, account_id, stock, open_time, close_time, open_value, op_interval, op_type, diff, amount, profit, real, balance, profit_percent, source, time_lag, balance_close, close_microtime) VALUES (118317814, 321746, 384106, 'EURUSD', 1502733731, 1502733791, 1.17774000, 60, 1, 0.00019000, 100.0000, 80.0000, 1, 1228.00000000, 80, 'android', 0.00, 1408.00000000, 1502733791.79790000);
INSERT INTO operations (id, user_id, account_id, stock, open_time, close_time, open_value, op_interval, op_type, diff, amount, profit, real, balance, profit_percent, source, time_lag, balance_close, close_microtime) VALUES (118317356, 321746, 384106, 'EURUSD', 1502733653, 1502733713, 1.17739000, 60, 2, 0.00026500, 50.0000, -50.0000, 1, 1328.00000000, 80, 'android', 0.00, 1328.00000000, 1502733714.49620000);
INSERT INTO operations (id, user_id, account_id, stock, open_time, close_time, open_value, op_interval, op_type, diff, amount, profit, real, balance, profit_percent, source, time_lag, balance_close, close_microtime) VALUES (118316067, 321746, 384106, 'EURUSD', 1502733384, 1502733414, 1.17759500, 30, 2, -0.00014500, 50.0000, 40.0000, 1, 1288.00000000, 80, 'android', 0.00, 1378.00000000, 1502733414.84340000);
INSERT INTO operations (id, user_id, account_id, stock, open_time, close_time, open_value, op_interval, op_type, diff, amount, profit, real, balance, profit_percent, source, time_lag, balance_close, close_microtime) VALUES (118315620, 321746, 384106, 'EURUSD', 1502733288, 1502733348, 1.17751500, 60, 1, 0.00009500, 50.0000, 40.0000, 1, 1248.00000000, 80, 'android', 0.00, 1338.00000000, 1502733349.50010000);
INSERT INTO operations (id, user_id, account_id, stock, open_time, close_time, open_value, op_interval, op_type, diff, amount, profit, real, balance, profit_percent, source, time_lag, balance_close, close_microtime) VALUES (118315069, 321746, 384106, 'EURUSD', 1502733188, 1502733248, 1.17755500, 60, 2, -0.00014000, 50.0000, 40.0000, 1, 1208.00000000, 80, 'android', 0.00, 1298.00000000, 1502733249.16610000);
INSERT INTO operations (id, user_id, account_id, stock, open_time, close_time, open_value, op_interval, op_type, diff, amount, profit, real, balance, profit_percent, source, time_lag, balance_close, close_microtime) VALUES (118314235, 321746, 384106, 'EURUSD', 1502733030, 1502733090, 1.17748500, 60, 2, -0.00013500, 50.0000, 40.0000, 1, 1168.00000000, 80, 'android', 0.00, 1258.00000000, 1502733091.56620000);
INSERT INTO operations (id, user_id, account_id, stock, open_time, close_time, open_value, op_interval, op_type, diff, amount, profit, real, balance, profit_percent, source, time_lag, balance_close, close_microtime) VALUES (118307645, 321746, 384106, 'EURUSD', 1502731899, 1502731929, 1.17909000, 30, 1, 0.00000000, 200.0000, 0.0000, 1, 1018.00000000, 80, 'android', 0.00, 1218.00000000, 1502731930.06430000);
INSERT INTO operations (id, user_id, account_id, stock, open_time, close_time, open_value, op_interval, op_type, diff, amount, profit, real, balance, profit_percent, source, time_lag, balance_close, close_microtime) VALUES (118306806, 321746, 384106, 'EURUSD', 1502731771, 1502731801, 1.17911500, 30, 1, 0.00003000, 200.0000, 160.0000, 1, 858.00000000, 80, 'android', 0.00, 1218.00000000, 1502731814.68630000);
INSERT INTO operations (id, user_id, account_id, stock, open_time, close_time, open_value, op_interval, op_type, diff, amount, profit, real, balance, profit_percent, source, time_lag, balance_close, close_microtime) VALUES (118306089, 321746, 384106, 'EURUSD', 1502731643, 1502731703, 1.17912500, 60, 1, 0.00002000, 200.0000, 160.0000, 1, 698.00000000, 80, 'android', 0.00, 1058.00000000, 1502731704.21200000);
INSERT INTO operations (id, user_id, account_id, stock, open_time, close_time, open_value, op_interval, op_type, diff, amount, profit, real, balance, profit_percent, source, time_lag, balance_close, close_microtime) VALUES (118305498, 321746, 384106, 'EURUSD', 1502731554, 1502731584, 1.17919000, 30, 2, -0.00003000, 200.0000, 160.0000, 1, 538.00000000, 80, 'android', 0.00, 898.00000000, 1502731585.13890000);
INSERT INTO operations (id, user_id, account_id, stock, open_time, close_time, open_value, op_interval, op_type, diff, amount, profit, real, balance, profit_percent, source, time_lag, balance_close, close_microtime) VALUES (118120188, 321746, 384106, 'EURUSD', 1502709281, 1502709311, 1.17909000, 30, 2, 0.00010000, 500.0000, -500.0000, 1, 738.00000000, 80, 'android', 0.00, 738.00000000, 1502709317.09570000);
INSERT INTO operations (id, user_id, account_id, stock, open_time, close_time, open_value, op_interval, op_type, diff, amount, profit, real, balance, profit_percent, source, time_lag, balance_close, close_microtime) VALUES (118119513, 321746, 384106, 'EURUSD', 1502709194, 1502709224, 1.17912000, 30, 1, -0.00008000, 500.0000, -500.0000, 1, 1238.00000000, 80, 'android', 0.00, 1238.00000000, 1502709225.22830000);
INSERT INTO operations (id, user_id, account_id, stock, open_time, close_time, open_value, op_interval, op_type, diff, amount, profit, real, balance, profit_percent, source, time_lag, balance_close, close_microtime) VALUES (118104471, 321746, 384106, 'EURUSD', 1502707339, 1502709139, 1.17983500, 1800, 2, -0.00070500, 50.0000, 40.0000, 1, 3628.00000000, 80, 'android', 0.00, 1738.00000000, 1502709139.85850000);
INSERT INTO operations (id, user_id, account_id, stock, open_time, close_time, open_value, op_interval, op_type, diff, amount, profit, real, balance, profit_percent, source, time_lag, balance_close, close_microtime) VALUES (118118142, 321746, 384106, 'EURUSD', 1502709001, 1502709031, 1.17895500, 30, 2, 0.00002000, 50.0000, -50.0000, 1, 1648.00000000, 80, 'android', 0.00, 1648.00000000, 1502709032.48830000);
INSERT INTO operations (id, user_id, account_id, stock, open_time, close_time, open_value, op_interval, op_type, diff, amount, profit, real, balance, profit_percent, source, time_lag, balance_close, close_microtime) VALUES (118117846, 321746, 384106, 'EURUSD', 1502708960, 1502708990, 1.17904000, 30, 2, -0.00000500, 50.0000, 40.0000, 1, 1608.00000000, 80, 'android', 0.00, 1698.00000000, 1502708995.81120000);
INSERT INTO operations (id, user_id, account_id, stock, open_time, close_time, open_value, op_interval, op_type, diff, amount, profit, real, balance, profit_percent, source, time_lag, balance_close, close_microtime) VALUES (118117011, 321746, 384106, 'EURUSD', 1502708851, 1502708881, 1.17891000, 30, 2, 0.00006000, 50.0000, -50.0000, 1, 1568.00000000, 80, 'android', 0.00, 1658.00000000, 1502708893.76750000);
INSERT INTO operations (id, user_id, account_id, stock, open_time, close_time, open_value, op_interval, op_type, diff, amount, profit, real, balance, profit_percent, source, time_lag, balance_close, close_microtime) VALUES (118116797, 321746, 384106, 'EURUSD', 1502708828, 1502708858, 1.17898000, 30, 2, -0.00009500, 50.0000, 40.0000, 1, 1618.00000000, 80, 'android', 0.00, 1658.00000000, 1502708858.94410000);
INSERT INTO operations (id, user_id, account_id, stock, open_time, close_time, open_value, op_interval, op_type, diff, amount, profit, real, balance, profit_percent, source, time_lag, balance_close, close_microtime) VALUES (118116352, 321746, 384106, 'EURUSD', 1502708773, 1502708803, 1.17898000, 30, 1, 0.00011000, 50.0000, 40.0000, 1, 1578.00000000, 80, 'android', 0.00, 1668.00000000, 1502708804.52340000);
INSERT INTO operations (id, user_id, account_id, stock, open_time, close_time, open_value, op_interval, op_type, diff, amount, profit, real, balance, profit_percent, source, time_lag, balance_close, close_microtime) VALUES (118114621, 321746, 384106, 'EURUSD', 1502708571, 1502708751, 1.17927500, 180, 2, -0.00046500, 50.0000, 40.0000, 1, 1548.00000000, 80, 'android', 0.00, 1628.00000000, 1502708751.96560000);
INSERT INTO operations (id, user_id, account_id, stock, open_time, close_time, open_value, op_interval, op_type, diff, amount, profit, real, balance, profit_percent, source, time_lag, balance_close, close_microtime) VALUES (118115224, 321746, 384106, 'EURUSD', 1502708628, 1502708658, 1.17886500, 30, 2, 0.00012000, 50.0000, -50.0000, 1, 1538.00000000, 80, 'android', 0.00, 1538.00000000, 1502708664.82890000);
INSERT INTO operations (id, user_id, account_id, stock, open_time, close_time, open_value, op_interval, op_type, diff, amount, profit, real, balance, profit_percent, source, time_lag, balance_close, close_microtime) VALUES (118113963, 321746, 384106, 'EURUSD', 1502708482, 1502708662, 1.17939000, 180, 1, -0.00041000, 1500.0000, -1500.0000, 1, 1598.00000000, 80, 'android', 0.00, 1538.00000000, 1502708663.18190000);
INSERT INTO operations (id, user_id, account_id, stock, open_time, close_time, open_value, op_interval, op_type, diff, amount, profit, real, balance, profit_percent, source, time_lag, balance_close, close_microtime) VALUES (118114823, 321746, 384106, 'EURUSD', 1502708594, 1502708624, 1.17918000, 30, 2, -0.00031500, 50.0000, 40.0000, 1, 1498.00000000, 80, 'android', 0.00, 1588.00000000, 1502708626.28430000);
INSERT INTO operations (id, user_id, account_id, stock, open_time, close_time, open_value, op_interval, op_type, diff, amount, profit, real, balance, profit_percent, source, time_lag, balance_close, close_microtime) VALUES (118113024, 321746, 384106, 'EURUSD', 1502708383, 1502708443, 1.17988500, 60, 2, -0.00030000, 50.0000, 40.0000, 1, 3008.00000000, 80, 'android', 0.00, 3098.00000000, 1502708444.66650000);
INSERT INTO operations (id, user_id, account_id, stock, open_time, close_time, open_value, op_interval, op_type, diff, amount, profit, real, balance, profit_percent, source, time_lag, balance_close, close_microtime) VALUES (118112569, 321746, 384106, 'EURUSD', 1502708326, 1502708356, 1.17966500, 30, 1, 0.00010500, 50.0000, 40.0000, 1, 2968.00000000, 80, 'android', 0.00, 3058.00000000, 1502708356.81180000);
INSERT INTO operations (id, user_id, account_id, stock, open_time, close_time, open_value, op_interval, op_type, diff, amount, profit, real, balance, profit_percent, source, time_lag, balance_close, close_microtime) VALUES (118111744, 321746, 384106, 'EURUSD', 1502708204, 1502708264, 1.17968500, 60, 2, 0.00012000, 100.0000, -100.0000, 1, 3018.00000000, 80, 'android', 0.00, 3018.00000000, 1502708264.72420000);
INSERT INTO operations (id, user_id, account_id, stock, open_time, close_time, open_value, op_interval, op_type, diff, amount, profit, real, balance, profit_percent, source, time_lag, balance_close, close_microtime) VALUES (118111246, 321746, 384106, 'EURUSD', 1502708134, 1502708194, 1.17958000, 60, 2, 0.00007000, 50.0000, -50.0000, 1, 3118.00000000, 80, 'android', 0.00, 3118.00000000, 1502708195.00520000);
INSERT INTO operations (id, user_id, account_id, stock, open_time, close_time, open_value, op_interval, op_type, diff, amount, profit, real, balance, profit_percent, source, time_lag, balance_close, close_microtime) VALUES (118110807, 321746, 384106, 'EURUSD', 1502708083, 1502708113, 1.17972500, 30, 2, 0.00011000, 50.0000, -50.0000, 1, 3168.00000000, 80, 'android', 0.00, 3168.00000000, 1502708115.66710000);
INSERT INTO operations (id, user_id, account_id, stock, open_time, close_time, open_value, op_interval, op_type, diff, amount, profit, real, balance, profit_percent, source, time_lag, balance_close, close_microtime) VALUES (118109961, 321746, 384106, 'EURUSD', 1502707978, 1502708038, 1.17988000, 60, 1, -0.00021000, 500.0000, -500.0000, 1, 3218.00000000, 80, 'android', 0.00, 3218.00000000, 1502708039.49140000);
INSERT INTO operations (id, user_id, account_id, stock, open_time, close_time, open_value, op_interval, op_type, diff, amount, profit, real, balance, profit_percent, source, time_lag, balance_close, close_microtime) VALUES (118109249, 321746, 384106, 'EURUSD', 1502707899, 1502707929, 1.17999500, 30, 1, -0.00000500, 50.0000, -50.0000, 1, 2818.00000000, 80, 'android', 0.00, 3718.00000000, 1502707939.05820000);
INSERT INTO operations (id, user_id, account_id, stock, open_time, close_time, open_value, op_interval, op_type, diff, amount, profit, real, balance, profit_percent, source, time_lag, balance_close, close_microtime) VALUES (118107977, 321746, 384106, 'EURUSD', 1502707757, 1502707937, 1.17974000, 180, 1, 0.00034500, 500.0000, 400.0000, 1, 2828.00000000, 80, 'android', 0.00, 3718.00000000, 1502707938.58720000);
INSERT INTO operations (id, user_id, account_id, stock, open_time, close_time, open_value, op_interval, op_type, diff, amount, profit, real, balance, profit_percent, source, time_lag, balance_close, close_microtime) VALUES (118108740, 321746, 384106, 'EURUSD', 1502707843, 1502707873, 1.17994500, 30, 2, 0.00007000, 50.0000, -50.0000, 1, 2868.00000000, 80, 'android', 0.00, 2868.00000000, 1502707884.58240000);
INSERT INTO operations (id, user_id, account_id, stock, open_time, close_time, open_value, op_interval, op_type, diff, amount, profit, real, balance, profit_percent, source, time_lag, balance_close, close_microtime) VALUES (117996215, 321746, 384106, 'EURUSD', 1502694431, 1502694461, 1.18335000, 30, 2, -0.00003000, 200.0000, 160.0000, 1, 3038.00000000, 80, 'android', 0.00, 3398.00000000, 1502694462.01800000);
INSERT INTO operations (id, user_id, account_id, stock, open_time, close_time, open_value, op_interval, op_type, diff, amount, profit, real, balance, profit_percent, source, time_lag, balance_close, close_microtime) VALUES (117995793, 321746, 384106, 'EURUSD', 1502694385, 1502694415, 1.18347500, 30, 2, -0.00014500, 50.0000, 40.0000, 1, 3148.00000000, 80, 'android', 0.00, 3238.00000000, 1502694415.91060000);
INSERT INTO operations (id, user_id, account_id, stock, open_time, close_time, open_value, op_interval, op_type, diff, amount, profit, real, balance, profit_percent, source, time_lag, balance_close, close_microtime) VALUES (117994828, 321746, 384106, 'EURUSD', 1502694270, 1502694300, 1.18361500, 30, 1, -0.00016500, 100.0000, -100.0000, 1, 3198.00000000, 80, 'android', 0.00, 3198.00000000, 1502694301.16340000);
INSERT INTO operations (id, user_id, account_id, stock, open_time, close_time, open_value, op_interval, op_type, diff, amount, profit, real, balance, profit_percent, source, time_lag, balance_close, close_microtime) VALUES (117993695, 321746, 384106, 'EURUSD', 1502694135, 1502694195, 1.18374500, 60, 2, -0.00008500, 50.0000, 40.0000, 1, 3208.00000000, 80, 'android', 0.00, 3298.00000000, 1502694196.53640000);
INSERT INTO operations (id, user_id, account_id, stock, open_time, close_time, open_value, op_interval, op_type, diff, amount, profit, real, balance, profit_percent, source, time_lag, balance_close, close_microtime) VALUES (117992463, 321746, 384106, 'EURUSD', 1502694020, 1502694080, 1.18311500, 60, 1, 0.00050500, 100.0000, 80.0000, 1, 3078.00000000, 80, 'android', 0.00, 3258.00000000, 1502694082.17360000);
INSERT INTO operations (id, user_id, account_id, stock, open_time, close_time, open_value, op_interval, op_type, diff, amount, profit, real, balance, profit_percent, source, time_lag, balance_close, close_microtime) VALUES (117991865, 321746, 384106, 'EURUSD', 1502693941, 1502694001, 1.18304500, 60, 2, 0.00006500, 100.0000, -100.0000, 1, 3178.00000000, 80, 'android', 0.00, 3178.00000000, 1502694002.41350000);
INSERT INTO operations (id, user_id, account_id, stock, open_time, close_time, open_value, op_interval, op_type, diff, amount, profit, real, balance, profit_percent, source, time_lag, balance_close, close_microtime) VALUES (117989001, 321746, 384106, 'EURUSD', 1502693631, 1502693811, 1.18272500, 180, 2, 0.00007000, 100.0000, -100.0000, 1, 3278.00000000, 80, 'android', 0.00, 3278.00000000, 1502693812.60600000);
INSERT INTO operations (id, user_id, account_id, stock, open_time, close_time, open_value, op_interval, op_type, diff, amount, profit, real, balance, profit_percent, source, time_lag, balance_close, close_microtime) VALUES (117988712, 321746, 384106, 'EURUSD', 1502693586, 1502693646, 1.18267000, 60, 2, 0.00009500, 100.0000, -100.0000, 1, 3378.00000000, 80, 'android', 0.00, 3278.00000000, 1502693652.06120000);
INSERT INTO operations (id, user_id, account_id, stock, open_time, close_time, open_value, op_interval, op_type, diff, amount, profit, real, balance, profit_percent, source, time_lag, balance_close, close_microtime) VALUES (117987311, 321746, 384106, 'EURUSD', 1502693405, 1502693465, 1.18243500, 60, 2, 0.00013000, 100.0000, -100.0000, 1, 3388.00000000, 80, 'android', 0.00, 3478.00000000, 1502693465.98780000);
INSERT INTO operations (id, user_id, account_id, stock, open_time, close_time, open_value, op_interval, op_type, diff, amount, profit, real, balance, profit_percent, source, time_lag, balance_close, close_microtime) VALUES (117987085, 321746, 384106, 'EURUSD', 1502693377, 1502693437, 1.18259500, 60, 2, -0.00025000, 50.0000, 40.0000, 1, 3488.00000000, 80, 'android', 0.00, 3478.00000000, 1502693438.34620000);
INSERT INTO operations (id, user_id, account_id, stock, open_time, close_time, open_value, op_interval, op_type, diff, amount, profit, real, balance, profit_percent, source, time_lag, balance_close, close_microtime) VALUES (117985751, 321746, 384106, 'EURUSD', 1502693189, 1502693219, 1.18260500, 30, 2, 0.00002000, 50.0000, -50.0000, 1, 3538.00000000, 80, 'android', 0.00, 3538.00000000, 1502693220.21780000);
INSERT INTO operations (id, user_id, account_id, stock, open_time, close_time, open_value, op_interval, op_type, diff, amount, profit, real, balance, profit_percent, source, time_lag, balance_close, close_microtime) VALUES (117984343, 321746, 384106, 'EURUSD', 1502692962, 1502692992, 1.18266000, 30, 1, -0.00018000, 50.0000, -50.0000, 1, 3588.00000000, 80, 'android', 0.00, 3588.00000000, 1502692993.18790000);
INSERT INTO operations (id, user_id, account_id, stock, open_time, close_time, open_value, op_interval, op_type, diff, amount, profit, real, balance, profit_percent, source, time_lag, balance_close, close_microtime) VALUES (117984072, 321746, 384106, 'EURUSD', 1502692926, 1502692956, 1.18261500, 30, 2, 0.00002500, 50.0000, -50.0000, 1, 3638.00000000, 80, 'android', 0.00, 3638.00000000, 1502692958.07100000);
INSERT INTO operations (id, user_id, account_id, stock, open_time, close_time, open_value, op_interval, op_type, diff, amount, profit, real, balance, profit_percent, source, time_lag, balance_close, close_microtime) VALUES (117983647, 321746, 384106, 'EURUSD', 1502692870, 1502692930, 1.18269000, 60, 1, -0.00008500, 50.0000, -50.0000, 1, 3688.00000000, 80, 'android', 0.00, 3638.00000000, 1502692930.75800000);
INSERT INTO operations (id, user_id, account_id, stock, open_time, close_time, open_value, op_interval, op_type, diff, amount, profit, real, balance, profit_percent, source, time_lag, balance_close, close_microtime) VALUES (117983285, 321746, 384106, 'EURUSD', 1502692815, 1502692845, 1.18263500, 30, 1, -0.00006500, 50.0000, -50.0000, 1, 3738.00000000, 80, 'android', 0.00, 3738.00000000, 1502692846.03550000);
INSERT INTO operations (id, user_id, account_id, stock, open_time, close_time, open_value, op_interval, op_type, diff, amount, profit, real, balance, profit_percent, source, time_lag, balance_close, close_microtime) VALUES (117982827, 321746, 384106, 'EURUSD', 1502692748, 1502692778, 1.18233500, 30, 1, 0.00026500, 50.0000, 40.0000, 1, 3698.00000000, 80, 'android', 0.00, 3788.00000000, 1502692781.54430000);
INSERT INTO operations (id, user_id, account_id, stock, open_time, close_time, open_value, op_interval, op_type, diff, amount, profit, real, balance, profit_percent, source, time_lag, balance_close, close_microtime) VALUES (117982394, 321746, 384106, 'EURUSD', 1502692686, 1502692746, 1.18223500, 60, 1, 0.00011500, 50.0000, 40.0000, 1, 3658.00000000, 80, 'android', 0.00, 3748.00000000, 1502692747.34820000);
INSERT INTO operations (id, user_id, account_id, stock, open_time, close_time, open_value, op_interval, op_type, diff, amount, profit, real, balance, profit_percent, source, time_lag, balance_close, close_microtime) VALUES (117981956, 321746, 384106, 'EURUSD', 1502692611, 1502692641, 1.18240500, 30, 2, -0.00005500, 50.0000, 40.0000, 1, 3618.00000000, 80, 'android', 0.00, 3708.00000000, 1502692641.77360000);
INSERT INTO operations (id, user_id, account_id, stock, open_time, close_time, open_value, op_interval, op_type, diff, amount, profit, real, balance, profit_percent, source, time_lag, balance_close, close_microtime) VALUES (117981599, 321746, 384106, 'EURUSD', 1502692557, 1502692587, 1.18243000, 30, 2, -0.00000500, 50.0000, 40.0000, 1, 3578.00000000, 80, 'android', 0.00, 3668.00000000, 1502692588.63950000);
INSERT INTO operations (id, user_id, account_id, stock, open_time, close_time, open_value, op_interval, op_type, diff, amount, profit, real, balance, profit_percent, source, time_lag, balance_close, close_microtime) VALUES (117981095, 321746, 384106, 'EURUSD', 1502692477, 1502692507, 1.18211000, 30, 2, 0.00024500, 300.0000, -300.0000, 1, 3628.00000000, 80, 'android', 0.00, 3628.00000000, 1502692508.04590000);
INSERT INTO operations (id, user_id, account_id, stock, open_time, close_time, open_value, op_interval, op_type, diff, amount, profit, real, balance, profit_percent, source, time_lag, balance_close, close_microtime) VALUES (117980917, 321746, 384106, 'EURUSD', 1502692439, 1502692469, 1.18220500, 30, 1, 0.00000500, 50.0000, 40.0000, 1, 3838.00000000, 80, 'android', 0.00, 3928.00000000, 1502692470.37190000);
INSERT INTO operations (id, user_id, account_id, stock, open_time, close_time, open_value, op_interval, op_type, diff, amount, profit, real, balance, profit_percent, source, time_lag, balance_close, close_microtime) VALUES (117980793, 321746, 384106, 'EURUSD', 1502692403, 1502692433, 1.18219000, 30, 1, 0.00000000, 50.0000, 0.0000, 1, 3838.00000000, 80, 'android', 0.00, 3888.00000000, 1502692434.05440000);
INSERT INTO operations (id, user_id, account_id, stock, open_time, close_time, open_value, op_interval, op_type, diff, amount, profit, real, balance, profit_percent, source, time_lag, balance_close, close_microtime) VALUES (117979492, 321746, 384106, 'EURUSD', 1502692181, 1502692211, 1.18197000, 30, 2, 0.00014000, 300.0000, -300.0000, 1, 3888.00000000, 80, 'android', 0.00, 3888.00000000, 1502692212.46780000);
INSERT INTO operations (id, user_id, account_id, stock, open_time, close_time, open_value, op_interval, op_type, diff, amount, profit, real, balance, profit_percent, source, time_lag, balance_close, close_microtime) VALUES (117979089, 321746, 384106, 'EURUSD', 1502692110, 1502692140, 1.18202500, 30, 2, 0.00001000, 100.0000, -100.0000, 1, 4188.00000000, 80, 'android', 0.00, 4188.00000000, 1502692142.01940000);
INSERT INTO operations (id, user_id, account_id, stock, open_time, close_time, open_value, op_interval, op_type, diff, amount, profit, real, balance, profit_percent, source, time_lag, balance_close, close_microtime) VALUES (117978795, 321746, 384106, 'EURUSD', 1502692056, 1502692086, 1.18210500, 30, 2, -0.00004000, 100.0000, 80.0000, 1, 4108.00000000, 80, 'android', 0.00, 4288.00000000, 1502692093.15390000);
INSERT INTO operations (id, user_id, account_id, stock, open_time, close_time, open_value, op_interval, op_type, diff, amount, profit, real, balance, profit_percent, source, time_lag, balance_close, close_microtime) VALUES (117978178, 321746, 384106, 'EURUSD', 1502691954, 1502691984, 1.18159000, 30, 1, 0.00023500, 50.0000, 40.0000, 1, 4118.00000000, 80, 'android', 0.00, 4208.00000000, 1502691985.75150000);
INSERT INTO operations (id, user_id, account_id, stock, open_time, close_time, open_value, op_interval, op_type, diff, amount, profit, real, balance, profit_percent, source, time_lag, balance_close, close_microtime) VALUES (117977585, 321746, 384106, 'EURUSD', 1502691863, 1502691923, 1.18141000, 60, 1, 0.00014500, 50.0000, 40.0000, 1, 4078.00000000, 80, 'android', 0.00, 4168.00000000, 1502691924.44810000);
INSERT INTO operations (id, user_id, account_id, stock, open_time, close_time, open_value, op_interval, op_type, diff, amount, profit, real, balance, profit_percent, source, time_lag, balance_close, close_microtime) VALUES (117974945, 321746, 384106, 'EURUSD', 1502691446, 1502691506, 1.18163000, 60, 2, -0.00001500, 1000.0000, 800.0000, 1, 2328.00000000, 80, 'android', 0.00, 4128.00000000, 1502691507.00770000);
INSERT INTO operations (id, user_id, account_id, stock, open_time, close_time, open_value, op_interval, op_type, diff, amount, profit, real, balance, profit_percent, source, time_lag, balance_close, close_microtime) VALUES (117974604, 321746, 384106, 'EURUSD', 1502691399, 1502691459, 1.18172500, 60, 1, -0.00006000, 50.0000, -50.0000, 1, 3328.00000000, 80, 'android', 0.00, 2328.00000000, 1502691460.03200000);
INSERT INTO operations (id, user_id, account_id, stock, open_time, close_time, open_value, op_interval, op_type, diff, amount, profit, real, balance, profit_percent, source, time_lag, balance_close, close_microtime) VALUES (117974178, 321746, 384106, 'EURUSD', 1502691343, 1502691373, 1.18152000, 30, 2, 0.00009000, 100.0000, -100.0000, 1, 3378.00000000, 80, 'android', 0.00, 3378.00000000, 1502691375.73810000);
INSERT INTO operations (id, user_id, account_id, stock, open_time, close_time, open_value, op_interval, op_type, diff, amount, profit, real, balance, profit_percent, source, time_lag, balance_close, close_microtime) VALUES (117973650, 321746, 384106, 'EURUSD', 1502691273, 1502691303, 1.18153000, 30, 2, 0.00005000, 100.0000, -100.0000, 1, 3478.00000000, 80, 'android', 0.00, 3478.00000000, 1502691321.29330000);
INSERT INTO operations (id, user_id, account_id, stock, open_time, close_time, open_value, op_interval, op_type, diff, amount, profit, real, balance, profit_percent, source, time_lag, balance_close, close_microtime) VALUES (117972975, 321746, 384106, 'EURUSD', 1502691167, 1502691197, 1.18160000, 30, 2, -0.00006000, 100.0000, 80.0000, 1, 3398.00000000, 80, 'android', 0.00, 3578.00000000, 1502691206.20060000);
INSERT INTO operations (id, user_id, account_id, stock, open_time, close_time, open_value, op_interval, op_type, diff, amount, profit, real, balance, profit_percent, source, time_lag, balance_close, close_microtime) VALUES (117957825, 321746, 384106, 'EURUSD', 1502688610, 1502688640, 1.18164000, 30, 1, 0.00000500, 100.0000, 80.0000, 1, 3318.00000000, 80, 'android', 0.00, 3498.00000000, 1502688641.25630000);
INSERT INTO operations (id, user_id, account_id, stock, open_time, close_time, open_value, op_interval, op_type, diff, amount, profit, real, balance, profit_percent, source, time_lag, balance_close, close_microtime) VALUES (117957505, 321746, 384106, 'EURUSD', 1502688552, 1502688582, 1.18164000, 30, 2, 0.00000500, 1000.0000, -1000.0000, 1, 3418.00000000, 80, 'android', 0.00, 3418.00000000, 1502688582.91850000);
INSERT INTO operations (id, user_id, account_id, stock, open_time, close_time, open_value, op_interval, op_type, diff, amount, profit, real, balance, profit_percent, source, time_lag, balance_close, close_microtime) VALUES (117957050, 321746, 384106, 'EURUSD', 1502688496, 1502688556, 1.18171500, 60, 1, -0.00007000, 100.0000, -100.0000, 1, 4918.00000000, 80, 'android', 0.00, 3418.00000000, 1502688557.21060000);
INSERT INTO operations (id, user_id, account_id, stock, open_time, close_time, open_value, op_interval, op_type, diff, amount, profit, real, balance, profit_percent, source, time_lag, balance_close, close_microtime) VALUES (117957212, 321746, 384106, 'EURUSD', 1502688517, 1502688547, 1.18162500, 30, 2, 0.00001500, 500.0000, -500.0000, 1, 4418.00000000, 80, 'android', 0.00, 4418.00000000, 1502688548.09630000);
INSERT INTO operations (id, user_id, account_id, stock, open_time, close_time, open_value, op_interval, op_type, diff, amount, profit, real, balance, profit_percent, source, time_lag, balance_close, close_microtime) VALUES (117955964, 321746, 384106, 'EURUSD', 1502688335, 1502688395, 1.18182000, 60, 2, -0.00010500, 100.0000, 80.0000, 1, 4838.00000000, 80, 'android', 0.00, 5018.00000000, 1502688395.62960000);
INSERT INTO operations (id, user_id, account_id, stock, open_time, close_time, open_value, op_interval, op_type, diff, amount, profit, real, balance, profit_percent, source, time_lag, balance_close, close_microtime) VALUES (117955271, 321746, 384106, 'EURUSD', 1502688246, 1502688276, 1.18169500, 30, 2, 0.00004000, 50.0000, -50.0000, 1, 4938.00000000, 80, 'android', 0.00, 4938.00000000, 1502688287.33470000);
INSERT INTO operations (id, user_id, account_id, stock, open_time, close_time, open_value, op_interval, op_type, diff, amount, profit, real, balance, profit_percent, source, time_lag, balance_close, close_microtime) VALUES (117954039, 321746, 384106, 'EURUSD', 1502688067, 1502688127, 1.18144500, 60, 1, 0.00006500, 300.0000, 240.0000, 1, 4448.00000000, 80, 'android', 0.00, 4988.00000000, 1502688127.85060000);
INSERT INTO operations (id, user_id, account_id, stock, open_time, close_time, open_value, op_interval, op_type, diff, amount, profit, real, balance, profit_percent, source, time_lag, balance_close, close_microtime) VALUES (117953709, 321746, 384106, 'EURUSD', 1502688030, 1502688060, 1.18153000, 30, 1, -0.00009500, 50.0000, -50.0000, 1, 4748.00000000, 80, 'android', 0.00, 4748.00000000, 1502688064.36440000);
INSERT INTO operations (id, user_id, account_id, stock, open_time, close_time, open_value, op_interval, op_type, diff, amount, profit, real, balance, profit_percent, source, time_lag, balance_close, close_microtime) VALUES (117953052, 321746, 384106, 'EURUSD', 1502687948, 1502687978, 1.18148500, 30, 1, -0.00000500, 50.0000, -50.0000, 1, 4798.00000000, 80, 'android', 0.00, 4798.00000000, 1502687979.25120000);
INSERT INTO operations (id, user_id, account_id, stock, open_time, close_time, open_value, op_interval, op_type, diff, amount, profit, real, balance, profit_percent, source, time_lag, balance_close, close_microtime) VALUES (117952382, 321746, 384106, 'EURUSD', 1502687861, 1502687891, 1.18138500, 30, 2, -0.00001500, 50.0000, 40.0000, 1, 4758.00000000, 80, 'android', 0.00, 4848.00000000, 1502687892.26090000);
INSERT INTO operations (id, user_id, account_id, stock, open_time, close_time, open_value, op_interval, op_type, diff, amount, profit, real, balance, profit_percent, source, time_lag, balance_close, close_microtime) VALUES (117952232, 321746, 384106, 'EURUSD', 1502687841, 1502687871, 1.18127500, 30, 2, 0.00011000, 50.0000, -50.0000, 1, 4808.00000000, 80, 'android', 0.00, 4758.00000000, 1502687879.11940000);
INSERT INTO operations (id, user_id, account_id, stock, open_time, close_time, open_value, op_interval, op_type, diff, amount, profit, real, balance, profit_percent, source, time_lag, balance_close, close_microtime) VALUES (117928618, 321746, 384106, 'EURUSD', 1502684687, 1502684717, 1.18233000, 30, 2, -0.00013500, 500.0000, 400.0000, 1, 3958.00000000, 80, 'android', 0.00, 4858.00000000, 1502684719.10580000);
INSERT INTO operations (id, user_id, account_id, stock, open_time, close_time, open_value, op_interval, op_type, diff, amount, profit, real, balance, profit_percent, source, time_lag, balance_close, close_microtime) VALUES (117928089, 321746, 384106, 'EURUSD', 1502684618, 1502684678, 1.18238500, 60, 2, -0.00004500, 100.0000, 80.0000, 1, 4278.00000000, 80, 'android', 0.00, 4458.00000000, 1502684678.82510000);
INSERT INTO operations (id, user_id, account_id, stock, open_time, close_time, open_value, op_interval, op_type, diff, amount, profit, real, balance, profit_percent, source, time_lag, balance_close, close_microtime) VALUES (117926720, 321746, 384106, 'EURUSD', 1502684443, 1502684473, 1.18233500, 30, 1, 0.00000500, 50.0000, 40.0000, 1, 4288.00000000, 80, 'android', 0.00, 4378.00000000, 1502684474.69270000);
INSERT INTO operations (id, user_id, account_id, stock, open_time, close_time, open_value, op_interval, op_type, diff, amount, profit, real, balance, profit_percent, source, time_lag, balance_close, close_microtime) VALUES (117926113, 321746, 384106, 'EURUSD', 1502684371, 1502684431, 1.18221500, 60, 1, 0.00008000, 100.0000, 80.0000, 1, 4068.00000000, 80, 'android', 0.00, 4338.00000000, 1502684431.84830000);
INSERT INTO operations (id, user_id, account_id, stock, open_time, close_time, open_value, op_interval, op_type, diff, amount, profit, real, balance, profit_percent, source, time_lag, balance_close, close_microtime) VALUES (117924795, 321746, 384106, 'EURUSD', 1502684222, 1502684402, 1.18229000, 180, 2, -0.00003000, 50.0000, 40.0000, 1, 4218.00000000, 80, 'android', 0.00, 4158.00000000, 1502684403.31400000);
INSERT INTO operations (id, user_id, account_id, stock, open_time, close_time, open_value, op_interval, op_type, diff, amount, profit, real, balance, profit_percent, source, time_lag, balance_close, close_microtime) VALUES (117925503, 321746, 384106, 'EURUSD', 1502684297, 1502684327, 1.18224500, 30, 1, -0.00006500, 50.0000, -50.0000, 1, 4168.00000000, 80, 'android', 0.00, 4168.00000000, 1502684341.23640000);
INSERT INTO operations (id, user_id, account_id, stock, open_time, close_time, open_value, op_interval, op_type, diff, amount, profit, real, balance, profit_percent, source, time_lag, balance_close, close_microtime) VALUES (117923912, 321746, 384106, 'EURUSD', 1502684121, 1502684181, 1.18237500, 60, 2, -0.00002500, 500.0000, 400.0000, 1, 3278.00000000, 80, 'android', 0.00, 4268.00000000, 1502684181.63040000);
INSERT INTO operations (id, user_id, account_id, stock, open_time, close_time, open_value, op_interval, op_type, diff, amount, profit, real, balance, profit_percent, source, time_lag, balance_close, close_microtime) VALUES (117923442, 321746, 384106, 'EURUSD', 1502684064, 1502684124, 1.18239000, 60, 2, -0.00001500, 50.0000, 40.0000, 1, 3778.00000000, 80, 'android', 0.00, 3368.00000000, 1502684124.85910000);
INSERT INTO operations (id, user_id, account_id, stock, open_time, close_time, open_value, op_interval, op_type, diff, amount, profit, real, balance, profit_percent, source, time_lag, balance_close, close_microtime) VALUES (117923119, 321746, 384106, 'EURUSD', 1502684022, 1502684052, 1.18238500, 30, 2, 0.00000000, 50.0000, 0.0000, 1, 3778.00000000, 80, 'android', 0.00, 3828.00000000, 1502684059.13920000);
INSERT INTO operations (id, user_id, account_id, stock, open_time, close_time, open_value, op_interval, op_type, diff, amount, profit, real, balance, profit_percent, source, time_lag, balance_close, close_microtime) VALUES (117921664, 321746, 384106, 'EURUSD', 1502683824, 1502683854, 1.18249500, 30, 1, 0.00004500, 50.0000, 40.0000, 1, 3738.00000000, 80, 'android', 0.00, 3828.00000000, 1502683854.72480000);
INSERT INTO operations (id, user_id, account_id, stock, open_time, close_time, open_value, op_interval, op_type, diff, amount, profit, real, balance, profit_percent, source, time_lag, balance_close, close_microtime) VALUES (117921422, 321746, 384106, 'EURUSD', 1502683797, 1502683827, 1.18246000, 30, 2, 0.00003500, 50.0000, -50.0000, 1, 3788.00000000, 80, 'android', 0.00, 3738.00000000, 1502683831.45410000);
INSERT INTO operations (id, user_id, account_id, stock, open_time, close_time, open_value, op_interval, op_type, diff, amount, profit, real, balance, profit_percent, source, time_lag, balance_close, close_microtime) VALUES (117920967, 321746, 384106, 'EURUSD', 1502683745, 1502683775, 1.18246500, 30, 1, -0.00001000, 50.0000, -50.0000, 1, 3838.00000000, 80, 'android', 0.00, 3838.00000000, 1502683781.94480000);
INSERT INTO operations (id, user_id, account_id, stock, open_time, close_time, open_value, op_interval, op_type, diff, amount, profit, real, balance, profit_percent, source, time_lag, balance_close, close_microtime) VALUES (117920270, 321746, 384105, 'EURUSD', 1502683658, 1502683688, 1.18250500, 30, 2, -0.00003000, 2000.0000, 1800.0000, 0, 1655.00000000, 90, 'android', 0.00, 7355.00000000, 1502683697.12470000);
INSERT INTO operations (id, user_id, account_id, stock, open_time, close_time, open_value, op_interval, op_type, diff, amount, profit, real, balance, profit_percent, source, time_lag, balance_close, close_microtime) VALUES (117920122, 321746, 384105, 'EURUSD', 1502683639, 1502683669, 1.18254500, 30, 2, -0.00005500, 1000.0000, 900.0000, 0, 3655.00000000, 90, 'android', 0.00, 3555.00000000, 1502683676.11000000);

INSERT INTO operations_archive (id, user_id, account_id, stock, open_time, close_time, open_value, op_interval, op_type, diff, amount, profit, real, balance, profit_percent, source, time_lag, balance_close, close_microtime, amount_real) VALUES (720, 321746, 384105, 'EURUSD', 1508760198, 1508760258, 1.11787100, 60, 1, 0.00009700, 1000.0000, 900.0000, 0, 9000.00000000, 90, 'web_desktop', 0.50, 10900.00000000, 1508760258.59130000, null);
INSERT INTO tournament_operations (id, account_id, user_id, stock, open_time, close_time, open_value, op_interval, op_type, diff, amount, profit, profit_percent, source) VALUES (2077, 590, 321746, 'EURUSD', 1539355471, 1539355501, 1.15499000, 30, 1, 0.05391000, 5.0000, 4.0000, 80, 'web_desktop');

INSERT INTO tournament_accounts (id, tournament_id, user_id, funds_available, op_count, cnt_profit, cnt_loss, cnt_return) VALUES (27, 7, 321746, 1250.0000, 1, 1, null, null);

INSERT INTO public.tournaments (id, title, type, participation_price, account_money, refill, prize_ours, prize_users, start_date, finish_date, active, publish_time, description, state, page_img, bar_img, refill_limit, manual, tournament_sequence_number, admin_id) VALUES (27, 'en"Hydrogen or death! {1}"ar"الصّفحة الشّخصية"', 'pay', 50.00, 7000.00, 20, 500.00, 10.00, '2018-09-02 14:00:00.000000', '2018-09-03 18:00:45.000000', 1, 1535760003, 'descr', 2, null, null, 5, 0, 13, null);

-- payments of user_id 321746

INSERT INTO payments (id, txn_id, user_id, date_time, billing, payment_type, status, currency, amount, amount_usd, first_name, last_name, pp_number, email, phone, country, address, promo_code_id, bonus_amount, no_bonus, message, invoice_photo, payment_comment, paid_date, bank_code, invoice_hash, is_first, src_layout, platform, gtm_notified, id_test, deposit_time, offline_pay_acc_id, decline_reason) VALUES (1484160, '18098319', 321746, 1502624162, 'paysbuy', '02', 1, 'THB', 5000.00, 150.42, 'kittiphong', 'kit', '3800900115782', 'kittiphong.k66@gmail.com', '0831988744', 'Thailand', '3/181 ซ.สะแกงาม 14 แยก2 แขวงแสมดำ เขตบางขุนเทียน กรุงเทพมหานคร', null, 0.00, 1, null, null, null, 1502624396, null, null, 0, 'fillup10', 'android', null, null, 1502624396, null, null);
INSERT INTO payments (id, txn_id, user_id, date_time, billing, payment_type, status, currency, amount, amount_usd, first_name, last_name, pp_number, email, phone, country, address, promo_code_id, bonus_amount, no_bonus, message, invoice_photo, payment_comment, paid_date, bank_code, invoice_hash, is_first, src_layout, platform, gtm_notified, id_test, deposit_time, offline_pay_acc_id, decline_reason) VALUES (1484151, null, 321746, 1502624054, 'paysbuy', '02', 0, 'THB', 5000.00, 150.42, 'kittiphong', 'kit', '3800900115782', 'kittiphong.k66@gmail.com', '0831988744', 'Thailand', '3/181 ซ.สะแกงาม 14 แยก2 แขวงแสมดำ เขตบางขุนเทียน กรุงเทพมหานคร', null, 0.00, 1, null, null, null, null, null, null, 0, 'fillup10', 'android', null, null, null, null, null);
INSERT INTO payments (id, txn_id, user_id, date_time, billing, payment_type, status, currency, amount, amount_usd, first_name, last_name, pp_number, email, phone, country, address, promo_code_id, bonus_amount, no_bonus, message, invoice_photo, payment_comment, paid_date, bank_code, invoice_hash, is_first, src_layout, platform, gtm_notified, id_test, deposit_time, offline_pay_acc_id, decline_reason) VALUES (1484055, null, 321746, 1502622930, 'paysbuy', '02', 0, 'THB', 5000.00, 150.42, 'kittiphong', 'kit', '3800900115782', 'kittiphong.k66@gmail.com', '0831988744', 'Thailand', '3/181 ซ.สะแกงาม 14 แยก2 แขวงแสมดำ เขตบางขุนเทียน กรุงเทพมหานคร', null, 0.00, 1, null, null, null, null, null, null, 0, 'fillup10', 'android', null, null, null, null, null);
INSERT INTO payments (id, txn_id, user_id, date_time, billing, payment_type, status, currency, amount, amount_usd, first_name, last_name, pp_number, email, phone, country, address, promo_code_id, bonus_amount, no_bonus, message, invoice_photo, payment_comment, paid_date, bank_code, invoice_hash, is_first, src_layout, platform, gtm_notified, id_test, deposit_time, offline_pay_acc_id, decline_reason) VALUES (631115, null, 321746, 1493100442, 'sterling', null, 1, 'THB', 4000.00, 116.41, 'kittiphong', 'kit', '3800900115782', 'kittiphong.k66@gmail.com', '0831988744', 'Thailand', '3/181 ซ.สะแกงาม 14 แยก2 แขวงแสมดำ เขตบางขุนเทียน กรุงเทพมหานคร', null, 1400.00, 0, 'Transaction successfully charged', null, null, 1493100642, null, null, 1, 'fillup10', 'android', null, null, 1493100642, null, null);
INSERT INTO payments (id, txn_id, user_id, date_time, billing, payment_type, status, currency, amount, amount_usd, first_name, last_name, pp_number, email, phone, country, address, promo_code_id, bonus_amount, no_bonus, message, invoice_photo, payment_comment, paid_date, bank_code, invoice_hash, is_first, src_layout, platform, gtm_notified, id_test, deposit_time, offline_pay_acc_id, decline_reason) VALUES (634330, null, 321746, 1493134811, 'sterling', null, 0, 'THB', 4000.00, 116.41, 'kittiphong', 'kit', '3800900115782', 'kittiphong.k66@gmail.com', '0831988744', 'Thailand', '3/181 ซ.สะแกงาม 14 แยก2 แขวงแสมดำ เขตบางขุนเทียน กรุงเทพมหานคร', null, 1400.00, 0, null, null, null, null, null, null, 0, 'fillup10', 'android', null, null, null, null, null);
INSERT INTO payments (id, txn_id, user_id, date_time, billing, payment_type, status, currency, amount, amount_usd, first_name, last_name, pp_number, email, phone, country, address, promo_code_id, bonus_amount, no_bonus, message, invoice_photo, payment_comment, paid_date, bank_code, invoice_hash, is_first, src_layout, platform, gtm_notified, id_test, deposit_time, offline_pay_acc_id, decline_reason) VALUES (754162, null, 321746, 1494753345, 'sterling', null, 1, 'THB', 6000.00, 172.74, 'kittiphong', 'kit', '3800900115782', 'kittiphong.k66@gmail.com', '0831988744', 'Thailand', '3/181 ซ.สะแกงาม 14 แยก2 แขวงแสมดำ เขตบางขุนเทียน กรุงเทพมหานคร', null, 2100.00, 0, 'Transaction successfully charged', null, null, 1494753506, null, null, 0, 'fillup11', 'android', null, null, 1494753506, null, null);
-- INSERT INTO payments (id, txn_id, user_id, date_time, billing, payment_type, status, currency, amount, amount_usd, first_name, last_name, pp_number, email, phone, country, address, promo_code_id, bonus_amount, no_bonus, message, invoice_photo, payment_comment, paid_date, bank_code, invoice_hash, is_first, src_layout, platform, gtm_notified, id_test, deposit_time, offline_pay_acc_id, decline_reason) VALUES (1637524, null, 715111, 1504613749, 'offline_wire_transfer', null, 1, 'THB', 400.00, 12.07, null, null, null, 'tanamit_pan3@hotmail.com', '0641401494', 'Thailand', null, null, null, 0, null, '/upload/offlinewire/l/t/59ae93915dedb6.58863302.xadf38_1637524.jpg', '+', 1504613640, 'KBN', 'd1be007ed763a73e121a626c4d6e5801', 0, 'fillup10', 'android', null, null, 1504867331, 4, null);
INSERT INTO payments (id, txn_id, user_id, date_time, billing, payment_type, status, currency, amount, amount_usd, first_name, last_name, pp_number, email, phone, country, address, promo_code_id, bonus_amount, no_bonus, message, invoice_photo, payment_comment, paid_date, bank_code, invoice_hash, is_first, src_layout, platform, gtm_notified, id_test, deposit_time, offline_pay_acc_id, decline_reason) VALUES (1604301, null, 715111, 1504181776, 'offline_wire_transfer', null, 1, 'THB', 400.00, 12.04, '', null, null, 'tanatad_pan3@hotmail.com', '0986171139', 'Thailand', null, null, null, 0, null, '/upload/offlinewire/s/K/59a59fa997b507.56761754.xaa8b0_1604301.jpg', '+', 1504181700, 'KBN', '94a12620591fc87793d390afe9bd91cb', 1, 'fillup10', 'android', null, null, 1504867263, 4, null);
-- withdraw of user_id 321746

-- payment for Offline Payment Verification tests

INSERT INTO payments (id, txn_id, user_id, date_time, billing, payment_type, status, currency, amount, amount_usd, first_name, last_name, pp_number, email, phone, country, address, promo_code_id, bonus_amount, no_bonus, message, invoice_photo, payment_comment, paid_date, bank_code, invoice_hash, is_first, src_layout, platform, gtm_notified, id_test, deposit_time, offline_pay_acc_id, decline_reason) VALUES (1638005, null, 9548, 1504618961, 'offline_wire_transfer', null, 1, 'THB', 1000.00, 30.17, 'Jariya', 'Muensan', '1409800204924', 'Jariya_me@hotmail.com', '0846580456', 'Thailand', '108 ม.1 ต.หนองมะเขือ อ.พล จ.ขอนแก่น', null, 0.00, 1, null, '/upload/offlinewire/y/N/57d2544555bfb2.67862487_1638005.JPG', '+', 1504619040, 'BBL', 'd3cf9cf8a6d3c9ccb952b7cdb633b5ae', 0, 'fillup10', 'ios', null, null, 1504619888, 5, null);
INSERT INTO payments (id, txn_id, user_id, date_time, billing, payment_type, status, currency, amount, amount_usd, first_name, last_name, pp_number, email, phone, country, address, promo_code_id, bonus_amount, no_bonus, message, invoice_photo, payment_comment, paid_date, bank_code, invoice_hash, is_first, src_layout, platform, gtm_notified, id_test, deposit_time, offline_pay_acc_id, decline_reason) VALUES (1633528, null, 19259, 1504577857, 'offline_wire_transfer', null, 1, 'THB', 450.00, 13.57, 'กฤษณะ', 'พันธ์ลูกท้าว', '1401900065091', 'epola200935@gmail.com', '66955211414', 'Thailand', '112 หมู่ 6 ต.คำม่วง อ.เขาสวนกวาง จ.ขอนแก่น 40280', null, null, 0, null, '/upload/offlinewire/Y/S/57f2fa1087ad93.91832242_1633528.JPG', '+', 1504577880, 'SCB', '609c830a78f2629a5d5f42a4543d3167', 0, 'fillup10', 'ios', null, null, 1504591146, 1, null);
INSERT INTO payments (id, txn_id, user_id, date_time, billing, payment_type, status, currency, amount, amount_usd, first_name, last_name, pp_number, email, phone, country, address, promo_code_id, bonus_amount, no_bonus, message, invoice_photo, payment_comment, paid_date, bank_code, invoice_hash, is_first, src_layout, platform, gtm_notified, id_test, deposit_time, offline_pay_acc_id, decline_reason) VALUES (1633675, null, 19798, 1504580009, 'offline_wire_transfer', null, 1, 'THB', 1080.00, 32.58, 'อภิณญาลักษณ์', 'พงษ์สมุทร', '3100904218175', 'apinyaluk69@hotmail.com', '0891744002', 'Thailand', '86 ซ.อ่อนนุช 66 (แยก 19-15) แขวงประเวศ เขตประเวศ กรุงเทพฯ 10250', null, 129.60, 0, null, '/upload/offlinewire/p/Y/57f4a0b78f83a5.99080090_1633675.jpg', '+', 1504575000, 'KBN', 'e3058396bfc623495a73583a1c6929b5', 0, 'fillup10', 'ios', null, null, 1504589270, 3, null);
INSERT INTO payments (id, txn_id, user_id, date_time, billing, payment_type, status, currency, amount, amount_usd, first_name, last_name, pp_number, email, phone, country, address, promo_code_id, bonus_amount, no_bonus, message, invoice_photo, payment_comment, paid_date, bank_code, invoice_hash, is_first, src_layout, platform, gtm_notified, id_test, deposit_time, offline_pay_acc_id, decline_reason) VALUES (1635409, null, 21593, 1504596572, 'offline_wire_transfer', null, 1, 'THB', 400.00, 12.07, 'Songpon', 'Pothat', '1110300131515', 'louismizer7@gmail.com', '0932393782', 'Thailand', '18/1 ม.4 ต.บ้านกาศ อ.สูงเม่น จ.แพร่', null, null, 0, null, '/upload/offlinewire/d/p/57f8f31ea1fa97.88105064_1635409.PNG', '+', 1504596480, 'SCB', '44e591b4e11310c4689578e40f719025', 0, 'fillup10', 'ios', null, null, 1504601285, 3, null);
INSERT INTO payments (id, txn_id, user_id, date_time, billing, payment_type, status, currency, amount, amount_usd, first_name, last_name, pp_number, email, phone, country, address, promo_code_id, bonus_amount, no_bonus, message, invoice_photo, payment_comment, paid_date, bank_code, invoice_hash, is_first, src_layout, platform, gtm_notified, id_test, deposit_time, offline_pay_acc_id, decline_reason) VALUES (1638296, null, 28758, 1504621435, 'offline_wire_transfer', null, 1, 'THB', 750.00, 22.62, 'eakkachai', 'rattanamongkol', '1480600091974', 'eakkacha@gmail.com', '0807652659', 'Thailand', '38ม.4ต.โพนทอง อ.เรณูนคร จ.นครพนม', null, 75.00, 0, null, '/upload/offlinewire/h/m/58083c6237e253.81417969_1638296.png', '+', 1504622280, 'KBN', '61a56d33a6a8a777c738c3c07d2e2f64', 0, 'fillup10', 'mobile', null, null, 1504622619, 2, null);


INSERT INTO withdraw (id, date_time, user_id, pay_system, amount, amount_usd, wallet, status, comment, card_exp_date, card_owner_name, benificiary_name_eng, benificiary_name_thai, beneficiary_address, bank_name, admin_comment, approve_date, platform, decline_reason, decline_date, sender_name, bank_book_id, autopay_time, autopay_sent_time) VALUES (13364, 1492947741, 321746, 'Wire', 1000.0000, null, '2732257527', 1, '', null, null, 'suparat', null, null, 'THE SIAM COMMERCIAL BANK  PUBLIC COMPANY', null, 1492948466, 'android', null, null, null, null, null, null);


-- dump for check balance history button and content
INSERT INTO user_account_log (id, account_id, date_time, balance, source, source_id, ref_url) VALUES (318548091, 384106, '2017-12-19 01:20:56.000000', 76740.0000, 'close_op', 184489906, 'http://');
INSERT INTO user_account_log (id, account_id, date_time, balance, source, source_id, ref_url) VALUES (318539999, 384106, '2017-12-19 01:05:12.000000', 9540.0000, 'close_op', 184485896, 'http://');
INSERT INTO user_account_log (id, account_id, date_time, balance, source, source_id, ref_url) VALUES (318443794, 384106, '2017-12-18 22:54:45.000000', 2800.0000, 'close_op', 184437222, 'http://');
INSERT INTO user_account_log (id, account_id, date_time, balance, source, source_id, ref_url) VALUES (318548153, 384106, '2017-12-19 01:21:08.000000', 73740.0000, 'close_op', 184489932, 'http://');
INSERT INTO user_account_log (id, account_id, date_time, balance, source, source_id, ref_url) VALUES (318443818, 384106, '2017-12-18 22:54:46.000000', 2800.0000, 'close_op', 184437230, 'http://');
INSERT INTO user_account_log (id, account_id, date_time, balance, source, source_id, ref_url) VALUES (318443820, 384106, '2017-12-18 22:54:46.000000', 2800.0000, 'close_op', 184437236, 'http://');
INSERT INTO user_account_log (id, account_id, date_time, balance, source, source_id, ref_url) VALUES (318443819, 384106, '2017-12-18 22:54:46.000000', 2800.0000, 'close_op', 184438729, 'http://');
INSERT INTO user_account_log (id, account_id, date_time, balance, source, source_id, ref_url) VALUES (316841845, 384106, '2017-12-17 03:15:36.000000', 61100.0000, 'bonus_decline', 183646, 'http://');
